X,CH1,CH2,CH3,CH4,Start,Increment,
Sequence,Volt,Volt,Volt,Volt,-1.20000e-03,2.00000e-06
0,-4.40000e-02,9.20000e-01,5.28000e-01,4.20000e-02,
1,-6.00000e-02,9.80000e-01,5.20000e-01,5.40000e-02,
2,-6.00000e-02,9.20000e-01,5.20000e-01,5.40000e-02,
3,-4.40000e-02,9.80000e-01,5.28000e-01,4.20000e-02,
4,-6.20000e-02,9.20000e-01,5.20000e-01,4.20000e-02,
5,-4.40000e-02,9.80000e-01,5.28000e-01,5.40000e-02,
6,-4.40000e-02,9.80000e-01,5.28000e-01,5.40000e-02,
7,-6.40000e-02,9.20000e-01,5.12000e-01,4.20000e-02,
8,-6.00000e-02,9.80000e-01,5.20000e-01,4.20000e-02,
9,-4.40000e-02,9.20000e-01,5.28000e-01,5.40000e-02,
10,-4.40000e-02,9.80000e-01,5.28000e-01,4.20000e-02,
11,-6.20000e-02,9.20000e-01,5.20000e-01,5.40000e-02,
12,-6.00000e-02,9.20000e-01,5.28000e-01,4.20000e-02,
13,-4.40000e-02,9.80000e-01,5.04000e-01,5.20000e-02,
14,-6.00000e-02,9.20000e-01,5.28000e-01,5.40000e-02,
15,-4.40000e-02,9.80000e-01,5.12000e-01,4.20000e-02,
16,-4.40000e-02,9.60000e-01,5.20000e-01,4.20000e-02,
17,-6.00000e-02,1.00000e+00,5.28000e-01,5.40000e-02,
18,-6.00000e-02,9.60000e-01,5.20000e-01,5.40000e-02,
19,-4.40000e-02,1.00000e+00,5.28000e-01,4.20000e-02,
20,-4.40000e-02,9.60000e-01,5.28000e-01,5.40000e-02,
21,-6.00000e-02,1.00000e+00,5.04000e-01,4.20000e-02,
22,-6.00000e-02,9.60000e-01,5.28000e-01,4.20000e-02,
23,-4.40000e-02,1.00000e+00,5.12000e-01,5.40000e-02,
24,-4.40000e-02,1.00000e+00,5.20000e-01,5.20000e-02,
25,-6.00000e-02,9.60000e-01,5.28000e-01,4.20000e-02,
26,-4.40000e-02,1.00000e+00,5.28000e-01,4.20000e-02,
27,-6.20000e-02,9.60000e-01,5.12000e-01,5.40000e-02,
28,-6.00000e-02,1.00000e+00,5.20000e-01,5.40000e-02,
29,-4.40000e-02,9.60000e-01,5.28000e-01,4.20000e-02,
30,-4.40000e-02,1.00000e+00,5.20000e-01,4.40000e-02,
31,-6.00000e-02,9.60000e-01,5.28000e-01,5.20000e-02,
32,-4.40000e-02,9.60000e-01,5.20000e-01,5.40000e-02,
33,-6.20000e-02,1.02000e+00,5.28000e-01,4.20000e-02,
34,-4.40000e-02,9.60000e-01,5.20000e-01,4.20000e-02,
35,-6.20000e-02,1.02000e+00,5.28000e-01,5.40000e-02,
36,-4.40000e-02,1.02000e+00,5.28000e-01,5.40000e-02,
37,-6.40000e-02,9.60000e-01,5.04000e-01,4.20000e-02,
38,-6.00000e-02,9.80000e-01,5.20000e-01,4.40000e-02,
39,-4.40000e-02,1.04000e+00,5.28000e-01,5.40000e-02,
40,-6.00000e-02,9.80000e-01,5.28000e-01,4.40000e-02,
41,-4.40000e-02,1.04000e+00,5.04000e-01,5.40000e-02,
42,-6.00000e-02,1.04000e+00,5.28000e-01,4.40000e-02,
43,-4.40000e-02,9.80000e-01,5.04000e-01,5.40000e-02,
44,-4.40000e-02,9.80000e-01,5.28000e-01,4.20000e-02,
45,-6.20000e-02,1.04000e+00,5.04000e-01,5.40000e-02,
46,-4.40000e-02,1.04000e+00,5.28000e-01,4.40000e-02,
47,-6.00000e-02,9.80000e-01,5.20000e-01,5.40000e-02,
48,-4.40000e-02,9.80000e-01,5.28000e-01,5.20000e-02,
49,-6.20000e-02,1.04000e+00,5.04000e-01,4.20000e-02,
50,-4.40000e-02,9.80000e-01,5.28000e-01,5.40000e-02,
51,-6.20000e-02,1.04000e+00,5.12000e-01,4.20000e-02,
52,-6.00000e-02,1.04000e+00,5.28000e-01,4.20000e-02,
53,-4.40000e-02,9.80000e-01,5.04000e-01,5.20000e-02,
54,-4.60000e-02,9.80000e-01,5.28000e-01,5.20000e-02,
55,-6.20000e-02,1.06000e+00,5.04000e-01,4.20000e-02,
56,-6.00000e-02,1.06000e+00,5.28000e-01,4.20000e-02,
57,-4.40000e-02,9.80000e-01,5.04000e-01,5.40000e-02,
58,-4.40000e-02,1.06000e+00,5.28000e-01,5.40000e-02,
59,-6.20000e-02,9.80000e-01,5.12000e-01,4.20000e-02,
60,-6.00000e-02,1.02000e+00,5.20000e-01,4.20000e-02,
61,-4.40000e-02,1.06000e+00,5.28000e-01,5.20000e-02,
62,-4.40000e-02,1.06000e+00,5.28000e-01,4.20000e-02,
63,-6.00000e-02,1.02000e+00,5.04000e-01,5.40000e-02,
64,-6.00000e-02,1.06000e+00,5.20000e-01,4.20000e-02,
65,-4.40000e-02,1.02000e+00,5.28000e-01,5.20000e-02,
66,-4.40000e-02,1.06000e+00,5.28000e-01,5.20000e-02,
67,-6.20000e-02,1.02000e+00,5.04000e-01,4.00000e-02,
68,-6.00000e-02,1.06000e+00,5.04000e-01,4.20000e-02,
69,-4.40000e-02,1.02000e+00,5.28000e-01,5.20000e-02,
70,-4.60000e-02,1.06000e+00,5.28000e-01,5.20000e-02,
71,-6.20000e-02,1.02000e+00,5.04000e-01,4.20000e-02,
72,-6.00000e-02,1.06000e+00,5.12000e-01,4.20000e-02,
73,-4.40000e-02,1.02000e+00,5.28000e-01,5.40000e-02,
74,-6.20000e-02,1.02000e+00,5.28000e-01,5.20000e-02,
75,-4.40000e-02,1.10000e+00,5.04000e-01,4.20000e-02,
76,-6.00000e-02,1.04000e+00,5.20000e-01,5.20000e-02,
77,-4.40000e-02,1.10000e+00,5.28000e-01,4.40000e-02,
78,-4.60000e-02,1.04000e+00,5.28000e-01,5.00000e-02,
79,-6.20000e-02,1.10000e+00,5.12000e-01,4.20000e-02,
80,-4.40000e-02,1.04000e+00,5.28000e-01,4.40000e-02,
81,-6.20000e-02,1.10000e+00,5.04000e-01,5.40000e-02,
82,-4.40000e-02,1.10000e+00,5.20000e-01,5.20000e-02,
83,-6.20000e-02,1.04000e+00,5.28000e-01,4.20000e-02,
84,-4.40000e-02,1.10000e+00,5.28000e-01,5.40000e-02,
85,-6.00000e-02,1.04000e+00,5.04000e-01,4.20000e-02,
86,-4.40000e-02,1.04000e+00,5.28000e-01,4.20000e-02,
87,-6.20000e-02,1.10000e+00,5.04000e-01,5.40000e-02,
88,-4.40000e-02,1.10000e+00,5.28000e-01,5.20000e-02,
89,-6.20000e-02,1.04000e+00,5.04000e-01,4.20000e-02,
90,-4.40000e-02,1.10000e+00,5.28000e-01,4.20000e-02,
91,-6.00000e-02,1.04000e+00,5.04000e-01,5.40000e-02,
92,-4.40000e-02,1.04000e+00,5.28000e-01,5.20000e-02,
93,-6.20000e-02,1.12000e+00,5.04000e-01,4.20000e-02,
94,-6.00000e-02,1.04000e+00,5.04000e-01,4.20000e-02,
95,-4.40000e-02,1.12000e+00,5.28000e-01,5.40000e-02,
96,-4.40000e-02,1.12000e+00,5.28000e-01,4.20000e-02,
97,-6.40000e-02,1.04000e+00,5.12000e-01,5.40000e-02,
98,-6.00000e-02,1.12000e+00,5.20000e-01,5.40000e-02,
99,-4.40000e-02,1.08000e+00,5.28000e-01,4.00000e-02,
100,4.00000e-02,1.12000e+00,5.20000e-01,-4.40000e-02,
101,6.40000e-02,-7.80000e-01,-5.36000e-01,-6.20000e-02,
102,4.20000e-02,-7.40000e-01,-5.36000e-01,-5.00000e-02,
103,5.80000e-02,-7.80000e-01,-5.28000e-01,-6.00000e-02,
104,4.20000e-02,-7.40000e-01,-5.28000e-01,-5.00000e-02,
105,6.00000e-02,-8.20000e-01,-5.44000e-01,-6.00000e-02,
106,6.00000e-02,-7.60000e-01,-5.36000e-01,-6.00000e-02,
107,4.20000e-02,-8.20000e-01,-5.28000e-01,-5.00000e-02,
108,4.20000e-02,-7.60000e-01,-5.36000e-01,-6.00000e-02,
109,5.80000e-02,-8.20000e-01,-5.28000e-01,-5.00000e-02,
110,6.00000e-02,-7.60000e-01,-5.36000e-01,-5.00000e-02,
111,4.20000e-02,-8.20000e-01,-5.28000e-01,-6.00000e-02,
112,3.80000e-02,-8.20000e-01,-5.28000e-01,-6.00000e-02,
113,5.80000e-02,-7.60000e-01,-5.44000e-01,-5.00000e-02,
114,4.20000e-02,-7.60000e-01,-5.36000e-01,-5.00000e-02,
115,5.80000e-02,-8.20000e-01,-5.28000e-01,-6.00000e-02,
116,4.20000e-02,-7.60000e-01,-5.36000e-01,-6.00000e-02,
117,5.80000e-02,-8.40000e-01,-5.28000e-01,-5.00000e-02,
118,4.20000e-02,-7.60000e-01,-5.36000e-01,-5.00000e-02,
119,6.00000e-02,-8.20000e-01,-5.28000e-01,-6.00000e-02,
120,4.20000e-02,-7.60000e-01,-5.36000e-01,-5.80000e-02,
121,5.80000e-02,-8.40000e-01,-5.28000e-01,-5.00000e-02,
122,4.20000e-02,-8.00000e-01,-5.36000e-01,-5.20000e-02,
123,5.80000e-02,-8.40000e-01,-5.28000e-01,-6.00000e-02,
124,4.20000e-02,-8.40000e-01,-5.36000e-01,-6.00000e-02,
125,5.80000e-02,-8.00000e-01,-5.20000e-01,-5.00000e-02,
126,3.60000e-02,-8.40000e-01,-5.36000e-01,-6.00000e-02,
127,6.00000e-02,-8.00000e-01,-5.20000e-01,-5.00000e-02,
128,4.20000e-02,-8.00000e-01,-5.36000e-01,-5.80000e-02,
129,6.00000e-02,-8.40000e-01,-5.20000e-01,-5.00000e-02,
130,5.80000e-02,-8.40000e-01,-5.36000e-01,-6.00000e-02,
131,4.20000e-02,-8.00000e-01,-5.20000e-01,-5.00000e-02,
132,4.20000e-02,-8.00000e-01,-5.36000e-01,-5.00000e-02,
133,6.00000e-02,-8.40000e-01,-5.20000e-01,-6.00000e-02,
134,5.80000e-02,-8.00000e-01,-5.36000e-01,-6.00000e-02,
135,4.00000e-02,-8.40000e-01,-5.20000e-01,-5.00000e-02,
136,4.20000e-02,-8.00000e-01,-5.36000e-01,-5.00000e-02,
137,5.80000e-02,-8.80000e-01,-5.20000e-01,-6.00000e-02,
138,4.20000e-02,-8.00000e-01,-5.36000e-01,-5.20000e-02,
139,5.80000e-02,-8.80000e-01,-5.20000e-01,-6.00000e-02,
140,5.80000e-02,-8.80000e-01,-5.36000e-01,-5.00000e-02,
141,4.20000e-02,-8.00000e-01,-5.20000e-01,-6.00000e-02,
142,6.00000e-02,-8.20000e-01,-5.36000e-01,-5.20000e-02,
143,4.00000e-02,-8.80000e-01,-5.20000e-01,-6.00000e-02,
144,5.80000e-02,-8.20000e-01,-5.20000e-01,-5.00000e-02,
145,4.20000e-02,-8.80000e-01,-5.36000e-01,-6.00000e-02,
146,5.80000e-02,-8.20000e-01,-5.36000e-01,-6.00000e-02,
147,4.20000e-02,-8.80000e-01,-5.20000e-01,-5.00000e-02,
148,4.00000e-02,-8.20000e-01,-5.36000e-01,-5.00000e-02,
149,6.00000e-02,-8.80000e-01,-5.20000e-01,-6.00000e-02,
150,4.20000e-02,-8.80000e-01,-5.20000e-01,-6.00000e-02,
151,5.80000e-02,-8.20000e-01,-5.36000e-01,-5.00000e-02,
152,5.80000e-02,-8.20000e-01,-5.20000e-01,-5.00000e-02,
153,4.20000e-02,-8.80000e-01,-5.36000e-01,-6.00000e-02,
154,4.20000e-02,-8.80000e-01,-5.36000e-01,-6.00000e-02,
155,5.80000e-02,-8.20000e-01,-5.20000e-01,-5.00000e-02,
156,4.20000e-02,-8.20000e-01,-5.36000e-01,-5.00000e-02,
157,6.00000e-02,-9.00000e-01,-5.20000e-01,-6.00000e-02,
158,4.20000e-02,-8.40000e-01,-5.20000e-01,-5.80000e-02,
159,6.00000e-02,-9.00000e-01,-5.36000e-01,-5.00000e-02,
160,4.20000e-02,-8.60000e-01,-5.36000e-01,-5.00000e-02,
161,5.80000e-02,-9.00000e-01,-5.20000e-01,-6.00000e-02,
162,4.20000e-02,-9.00000e-01,-5.36000e-01,-5.00000e-02,
163,5.80000e-02,-8.60000e-01,-5.20000e-01,-6.00000e-02,
164,5.80000e-02,-9.00000e-01,-5.20000e-01,-5.20000e-02,
165,4.20000e-02,-8.60000e-01,-5.36000e-01,-6.00000e-02,
166,4.20000e-02,-8.60000e-01,-5.36000e-01,-6.40000e-02,
167,5.80000e-02,-9.00000e-01,-5.20000e-01,-5.20000e-02,
168,4.20000e-02,-9.00000e-01,-5.20000e-01,-6.00000e-02,
169,5.80000e-02,-8.60000e-01,-5.36000e-01,-5.20000e-02,
170,5.80000e-02,-9.00000e-01,-5.36000e-01,-6.00000e-02,
171,4.20000e-02,-8.60000e-01,-5.20000e-01,-5.00000e-02,
172,4.20000e-02,-8.60000e-01,-5.36000e-01,-6.00000e-02,
173,5.80000e-02,-9.20000e-01,-5.20000e-01,-5.00000e-02,
174,4.20000e-02,-8.60000e-01,-5.36000e-01,-5.20000e-02,
175,6.00000e-02,-9.20000e-01,-5.20000e-01,-6.00000e-02,
176,4.20000e-02,-9.40000e-01,-5.20000e-01,-6.00000e-02,
177,5.80000e-02,-8.60000e-01,-5.36000e-01,-5.00000e-02,
178,4.20000e-02,-9.40000e-01,-5.36000e-01,-5.20000e-02,
179,6.00000e-02,-8.60000e-01,-5.20000e-01,-6.00000e-02,
180,4.20000e-02,-9.40000e-01,-5.20000e-01,-5.00000e-02,
181,6.00000e-02,-8.60000e-01,-5.36000e-01,-6.00000e-02,
182,4.20000e-02,-9.40000e-01,-5.36000e-01,-5.00000e-02,
183,5.80000e-02,-8.80000e-01,-5.20000e-01,-6.00000e-02,
184,4.20000e-02,-8.80000e-01,-5.36000e-01,-5.80000e-02,
185,5.80000e-02,-9.40000e-01,-5.20000e-01,-5.00000e-02,
186,5.80000e-02,-9.40000e-01,-5.20000e-01,-5.00000e-02,
187,4.20000e-02,-8.80000e-01,-5.36000e-01,-6.00000e-02,
188,4.20000e-02,-8.80000e-01,-5.20000e-01,-6.00000e-02,
189,6.00000e-02,-9.40000e-01,-5.36000e-01,-5.00000e-02,
190,4.20000e-02,-8.80000e-01,-5.36000e-01,-5.00000e-02,
191,6.00000e-02,-9.40000e-01,-5.20000e-01,-6.00000e-02,
192,5.80000e-02,-9.40000e-01,-5.36000e-01,-5.00000e-02,
193,4.20000e-02,-8.80000e-01,-5.20000e-01,-6.00000e-02,
194,6.00000e-02,-9.40000e-01,-5.20000e-01,-6.00000e-02,
195,4.00000e-02,-8.80000e-01,-5.36000e-01,-4.80000e-02,
196,4.20000e-02,-9.40000e-01,-5.36000e-01,-5.00000e-02,
197,6.00000e-02,-8.80000e-01,-5.20000e-01,-6.00000e-02,
198,4.20000e-02,-9.60000e-01,-5.20000e-01,-5.00000e-02,
199,6.00000e-02,-9.00000e-01,-5.36000e-01,-6.00000e-02,
200,6.00000e-02,-9.20000e-01,-5.20000e-01,-5.00000e-02,
201,4.20000e-02,-9.60000e-01,-5.36000e-01,-5.80000e-02,
202,6.00000e-02,-9.60000e-01,-5.20000e-01,-5.80000e-02,
203,4.20000e-02,-9.20000e-01,-5.36000e-01,-5.00000e-02,
204,6.00000e-02,-9.20000e-01,-5.36000e-01,-5.00000e-02,
205,4.20000e-02,-9.60000e-01,-5.20000e-01,-5.80000e-02,
206,6.00000e-02,-9.60000e-01,-5.36000e-01,-5.80000e-02,
207,4.20000e-02,-9.20000e-01,-5.20000e-01,-5.00000e-02,
208,6.00000e-02,-9.20000e-01,-5.20000e-01,-5.00000e-02,
209,4.20000e-02,-9.60000e-01,-5.36000e-01,-6.00000e-02,
210,6.00000e-02,-9.20000e-01,-5.36000e-01,-5.80000e-02,
211,4.20000e-02,-9.60000e-01,-5.20000e-01,-5.00000e-02,
212,4.20000e-02,-9.20000e-01,-5.36000e-01,-5.00000e-02,
213,6.00000e-02,-9.60000e-01,-5.20000e-01,-6.00000e-02,
214,6.00000e-02,-9.20000e-01,-5.36000e-01,-6.00000e-02,
215,4.40000e-02,-1.00000e+00,-5.20000e-01,-5.00000e-02,
216,3.80000e-02,-9.20000e-01,-5.20000e-01,-5.00000e-02,
217,6.20000e-02,-1.00000e+00,-5.36000e-01,-6.00000e-02,
218,4.40000e-02,-9.20000e-01,-5.20000e-01,-5.00000e-02,
219,6.00000e-02,-1.00000e+00,-5.36000e-01,-5.80000e-02,
220,6.00000e-02,-9.20000e-01,-5.20000e-01,-5.00000e-02,
221,4.20000e-02,-1.00000e+00,-5.36000e-01,-6.00000e-02,
222,4.20000e-02,-9.40000e-01,-5.20000e-01,-5.80000e-02,
223,6.00000e-02,-1.00000e+00,-5.36000e-01,-5.00000e-02,
224,6.00000e-02,-1.00000e+00,-5.20000e-01,-6.20000e-02,
225,4.20000e-02,-9.40000e-01,-5.36000e-01,-4.80000e-02,
226,4.40000e-02,-1.00000e+00,-5.20000e-01,-5.00000e-02,
227,6.00000e-02,-9.40000e-01,-5.36000e-01,-5.80000e-02,
228,4.20000e-02,-9.40000e-01,-5.20000e-01,-5.00000e-02,
229,6.00000e-02,-1.00000e+00,-5.36000e-01,-6.00000e-02,
230,6.00000e-02,-1.00000e+00,-5.20000e-01,-5.00000e-02,
231,4.20000e-02,-9.40000e-01,-5.36000e-01,-5.80000e-02,
232,4.20000e-02,-9.40000e-01,-5.20000e-01,-5.80000e-02,
233,6.20000e-02,-1.02000e+00,-5.36000e-01,-4.80000e-02,
234,4.40000e-02,-1.00000e+00,-5.20000e-01,-5.80000e-02,
235,6.20000e-02,-9.40000e-01,-5.36000e-01,-4.80000e-02,
236,6.00000e-02,-9.40000e-01,-5.20000e-01,-5.80000e-02,
237,4.40000e-02,-1.02000e+00,-5.36000e-01,-5.00000e-02,
238,4.40000e-02,-9.40000e-01,-5.20000e-01,-5.00000e-02,
239,6.00000e-02,-1.02000e+00,-5.36000e-01,-6.00000e-02,
240,4.40000e-02,-1.02000e+00,-5.20000e-01,-5.00000e-02,
241,6.20000e-02,-9.80000e-01,-5.36000e-01,-6.00000e-02,
242,6.00000e-02,-9.80000e-01,-5.20000e-01,-5.00000e-02,
243,4.20000e-02,-1.02000e+00,-5.36000e-01,-5.80000e-02,
244,4.20000e-02,-9.80000e-01,-5.20000e-01,-5.80000e-02,
245,6.00000e-02,-1.02000e+00,-5.36000e-01,-5.00000e-02,
246,4.20000e-02,-9.80000e-01,-5.20000e-01,-5.00000e-02,
247,6.00000e-02,-1.02000e+00,-5.36000e-01,-6.00000e-02,
248,6.00000e-02,-9.80000e-01,-5.20000e-01,-5.80000e-02,
249,4.20000e-02,-1.02000e+00,-5.28000e-01,-5.00000e-02,
250,5.80000e-02,-1.02000e+00,-5.20000e-01,-5.00000e-02,
251,4.20000e-02,-9.80000e-01,-5.36000e-01,-6.00000e-02,
252,4.20000e-02,-1.02000e+00,-5.20000e-01,-6.00000e-02,
253,6.00000e-02,-9.80000e-01,-5.36000e-01,-5.00000e-02,
254,6.00000e-02,-1.02000e+00,-5.20000e-01,-5.80000e-02,
255,4.20000e-02,-9.80000e-01,-5.36000e-01,-5.00000e-02,
256,6.00000e-02,-9.80000e-01,-5.28000e-01,-5.00000e-02,
257,4.40000e-02,-1.06000e+00,-5.20000e-01,-5.80000e-02,
258,4.40000e-02,-1.00000e+00,-5.20000e-01,-5.00000e-02,
259,6.00000e-02,-1.06000e+00,-5.36000e-01,-5.80000e-02,
260,6.00000e-02,-1.06000e+00,-5.28000e-01,-4.80000e-02,
261,4.40000e-02,-1.00000e+00,-5.20000e-01,-5.80000e-02,
262,4.20000e-02,-1.06000e+00,-5.20000e-01,-5.00000e-02,
263,6.20000e-02,-1.00000e+00,-5.36000e-01,-6.00000e-02,
264,6.00000e-02,-1.06000e+00,-5.20000e-01,-5.00000e-02,
265,4.20000e-02,-1.00000e+00,-5.36000e-01,-6.00000e-02,
266,5.80000e-02,-1.00000e+00,-5.20000e-01,-6.00000e-02,
267,4.20000e-02,-1.06000e+00,-5.36000e-01,-4.80000e-02,
268,6.00000e-02,-1.00000e+00,-5.20000e-01,-5.00000e-02,
269,4.20000e-02,-1.08000e+00,-5.36000e-01,-6.00000e-02,
270,4.20000e-02,-1.06000e+00,-5.20000e-01,-5.00000e-02,
271,6.00000e-02,-1.00000e+00,-5.36000e-01,-6.00000e-02,
272,4.20000e-02,-1.00000e+00,-5.20000e-01,-5.00000e-02,
273,6.00000e-02,-1.08000e+00,-5.36000e-01,-6.00000e-02,
274,5.80000e-02,-1.08000e+00,-5.20000e-01,-5.80000e-02,
275,4.20000e-02,-1.00000e+00,-5.36000e-01,-5.00000e-02,
276,4.20000e-02,-1.04000e+00,-5.20000e-01,-5.00000e-02,
277,6.00000e-02,-1.08000e+00,-5.36000e-01,-6.00000e-02,
278,6.00000e-02,-1.08000e+00,-5.20000e-01,-5.00000e-02,
279,4.20000e-02,-1.04000e+00,-5.28000e-01,-6.00000e-02,
280,6.00000e-02,-1.08000e+00,-5.20000e-01,-6.00000e-02,
281,4.20000e-02,-1.04000e+00,-5.36000e-01,-5.00000e-02,
282,6.00000e-02,-1.08000e+00,-5.20000e-01,-5.00000e-02,
283,4.20000e-02,-1.04000e+00,-5.36000e-01,-5.80000e-02,
284,6.00000e-02,-1.04000e+00,-5.20000e-01,-5.00000e-02,
285,4.00000e-02,-1.08000e+00,-5.36000e-01,-6.00000e-02,
286,4.20000e-02,-1.08000e+00,-5.20000e-01,-5.00000e-02,
287,6.00000e-02,-1.04000e+00,-5.36000e-01,-5.80000e-02,
288,5.80000e-02,-1.08000e+00,-5.20000e-01,-6.00000e-02,
289,4.20000e-02,-1.04000e+00,-5.36000e-01,-5.00000e-02,
290,4.20000e-02,-1.08000e+00,-5.20000e-01,-5.00000e-02,
291,5.80000e-02,-1.04000e+00,-5.36000e-01,-6.00000e-02,
292,4.20000e-02,-1.12000e+00,-5.20000e-01,-6.00000e-02,
293,6.00000e-02,-1.04000e+00,-5.36000e-01,-5.00000e-02,
294,6.00000e-02,-1.04000e+00,-5.20000e-01,-6.00000e-02,
295,4.20000e-02,-1.12000e+00,-5.36000e-01,-5.00000e-02,
296,5.80000e-02,-1.12000e+00,-5.36000e-01,-6.00000e-02,
297,4.20000e-02,-1.06000e+00,-5.20000e-01,-5.00000e-02,
298,5.80000e-02,-1.12000e+00,-5.20000e-01,-5.00000e-02,
299,4.20000e-02,-1.06000e+00,-5.36000e-01,-6.00000e-02,
300,4.20000e-02,-1.12000e+00,-5.20000e-01,-5.00000e-02,
301,6.00000e-02,-1.06000e+00,-5.36000e-01,-6.00000e-02,
302,5.80000e-02,-1.12000e+00,-5.20000e-01,-5.00000e-02,
303,4.20000e-02,-1.06000e+00,-5.36000e-01,-6.00000e-02,
304,6.00000e-02,-1.06000e+00,-5.20000e-01,-6.00000e-02,
305,4.20000e-02,-1.12000e+00,-5.36000e-01,-5.00000e-02,
306,6.00000e-02,-1.12000e+00,-5.20000e-01,-5.00000e-02,
307,4.20000e-02,-1.06000e+00,-5.36000e-01,-6.00000e-02,
308,4.20000e-02,-1.06000e+00,-5.20000e-01,-5.80000e-02,
309,6.00000e-02,-1.12000e+00,-5.28000e-01,-5.00000e-02,
310,5.80000e-02,-1.12000e+00,-5.20000e-01,-5.00000e-02,
311,4.20000e-02,-1.06000e+00,-5.36000e-01,-6.00000e-02,
312,4.20000e-02,-1.06000e+00,-5.20000e-01,-5.80000e-02,
313,5.80000e-02,-1.14000e+00,-5.36000e-01,-5.00000e-02,
314,5.80000e-02,-1.08000e+00,-5.20000e-01,-5.00000e-02,
315,4.20000e-02,-1.14000e+00,-5.36000e-01,-6.00000e-02,
316,5.80000e-02,-1.14000e+00,-5.20000e-01,-5.00000e-02,
317,4.20000e-02,-1.10000e+00,-5.36000e-01,-6.00000e-02,
318,5.80000e-02,-1.10000e+00,-5.20000e-01,-6.00000e-02,
319,4.20000e-02,-1.14000e+00,-5.36000e-01,-5.00000e-02,
320,6.00000e-02,-1.10000e+00,-5.28000e-01,-5.80000e-02,
321,4.20000e-02,-1.14000e+00,-5.20000e-01,-5.00000e-02,
322,4.20000e-02,-1.10000e+00,-5.20000e-01,-6.00000e-02,
323,6.00000e-02,-1.14000e+00,-5.36000e-01,-5.00000e-02,
324,4.40000e-02,-1.14000e+00,-5.20000e-01,-5.00000e-02,
325,6.00000e-02,-1.10000e+00,-5.28000e-01,-6.00000e-02,
326,4.20000e-02,-1.10000e+00,-5.20000e-01,-6.00000e-02,
327,6.00000e-02,-1.14000e+00,-5.36000e-01,-5.00000e-02,
328,4.40000e-02,-1.10000e+00,-5.28000e-01,-5.80000e-02,
329,6.00000e-02,-1.18000e+00,-5.20000e-01,-5.00000e-02,
330,4.40000e-02,-1.14000e+00,-5.20000e-01,-5.00000e-02,
331,6.00000e-02,-1.10000e+00,-5.36000e-01,-6.00000e-02,
332,5.80000e-02,-1.10000e+00,-5.20000e-01,-5.00000e-02,
333,4.20000e-02,-1.18000e+00,-5.28000e-01,-5.80000e-02,
334,6.00000e-02,-1.18000e+00,-5.20000e-01,-5.80000e-02,
335,4.20000e-02,-1.10000e+00,-5.36000e-01,-5.00000e-02,
336,4.40000e-02,-1.10000e+00,-5.20000e-01,-5.00000e-02,
337,6.00000e-02,-1.18000e+00,-5.36000e-01,-5.80000e-02,
338,4.20000e-02,-1.12000e+00,-5.20000e-01,-5.00000e-02,
339,6.00000e-02,-1.18000e+00,-5.36000e-01,-6.00000e-02,
340,6.00000e-02,-1.18000e+00,-5.28000e-01,-5.80000e-02,
341,4.20000e-02,-1.12000e+00,-5.20000e-01,-5.00000e-02,
342,6.00000e-02,-1.18000e+00,-5.28000e-01,-5.80000e-02,
343,4.20000e-02,-1.12000e+00,-5.20000e-01,-5.00000e-02,
344,4.40000e-02,-1.18000e+00,-5.20000e-01,-5.00000e-02,
345,6.00000e-02,-1.12000e+00,-5.36000e-01,-5.80000e-02,
346,6.00000e-02,-1.18000e+00,-5.28000e-01,-5.00000e-02,
347,4.40000e-02,-1.12000e+00,-5.20000e-01,-5.80000e-02,
348,6.00000e-02,-1.18000e+00,-5.20000e-01,-6.00000e-02,
349,4.20000e-02,-1.12000e+00,-5.28000e-01,-4.80000e-02,
350,-6.20000e-02,-1.16000e+00,-5.28000e-01,3.80000e-02,
351,-4.40000e-02,7.20000e-01,5.36000e-01,5.80000e-02,
352,-6.00000e-02,6.80000e-01,5.36000e-01,5.40000e-02,
353,-4.40000e-02,7.40000e-01,5.20000e-01,4.00000e-02,
354,-4.40000e-02,7.20000e-01,5.36000e-01,5.40000e-02,
355,-6.00000e-02,6.80000e-01,5.28000e-01,4.20000e-02,
356,-5.80000e-02,7.20000e-01,5.36000e-01,5.40000e-02,
357,-4.40000e-02,6.80000e-01,5.20000e-01,4.20000e-02,
358,-4.40000e-02,7.20000e-01,5.36000e-01,5.40000e-02,
359,-6.00000e-02,6.80000e-01,5.20000e-01,4.40000e-02,
360,-6.00000e-02,6.80000e-01,5.36000e-01,5.20000e-02,
361,-4.20000e-02,7.40000e-01,5.20000e-01,4.20000e-02,
362,-4.40000e-02,6.80000e-01,5.36000e-01,5.20000e-02,
363,-6.20000e-02,7.60000e-01,5.20000e-01,4.20000e-02,
364,-6.00000e-02,7.60000e-01,5.20000e-01,4.20000e-02,
365,-4.40000e-02,6.80000e-01,5.36000e-01,5.20000e-02,
366,-4.40000e-02,7.20000e-01,5.36000e-01,5.20000e-02,
367,-6.20000e-02,7.60000e-01,5.20000e-01,4.20000e-02,
368,-4.40000e-02,7.60000e-01,5.20000e-01,5.20000e-02,
369,-6.00000e-02,7.20000e-01,5.36000e-01,4.20000e-02,
370,-4.40000e-02,7.20000e-01,5.20000e-01,4.20000e-02,
371,-6.00000e-02,7.60000e-01,5.36000e-01,5.40000e-02,
372,-6.00000e-02,7.20000e-01,5.36000e-01,4.40000e-02,
373,-4.40000e-02,7.60000e-01,5.20000e-01,5.40000e-02,
374,-4.40000e-02,7.20000e-01,5.20000e-01,4.20000e-02,
375,-6.00000e-02,7.60000e-01,5.36000e-01,5.40000e-02,
376,-4.40000e-02,7.20000e-01,5.20000e-01,4.40000e-02,
377,-6.00000e-02,7.60000e-01,5.36000e-01,5.40000e-02,
378,-4.40000e-02,7.60000e-01,5.36000e-01,5.20000e-02,
379,-6.00000e-02,7.20000e-01,5.20000e-01,4.20000e-02,
380,-4.40000e-02,7.60000e-01,5.20000e-01,5.40000e-02,
381,-6.00000e-02,7.20000e-01,5.36000e-01,4.20000e-02,
382,-6.20000e-02,7.60000e-01,5.36000e-01,4.20000e-02,
383,-4.00000e-02,7.20000e-01,5.20000e-01,5.40000e-02,
384,-4.40000e-02,7.80000e-01,5.20000e-01,5.20000e-02,
385,-6.00000e-02,7.20000e-01,5.36000e-01,4.20000e-02,
386,-6.00000e-02,7.40000e-01,5.20000e-01,4.20000e-02,
387,-4.40000e-02,7.80000e-01,5.36000e-01,5.20000e-02,
388,-6.00000e-02,7.40000e-01,5.20000e-01,5.20000e-02,
389,-4.40000e-02,8.00000e-01,5.36000e-01,4.20000e-02,
390,-6.20000e-02,7.40000e-01,5.20000e-01,4.20000e-02,
391,-4.40000e-02,8.00000e-01,5.36000e-01,5.20000e-02,
392,-4.40000e-02,7.40000e-01,5.28000e-01,4.20000e-02,
393,-6.20000e-02,8.00000e-01,5.20000e-01,5.20000e-02,
394,-4.40000e-02,7.40000e-01,5.20000e-01,4.20000e-02,
395,-6.20000e-02,8.00000e-01,5.36000e-01,5.20000e-02,
396,-4.60000e-02,7.40000e-01,5.20000e-01,5.20000e-02,
397,-6.20000e-02,8.00000e-01,5.28000e-01,4.20000e-02,
398,-6.20000e-02,7.40000e-01,5.20000e-01,4.20000e-02,
399,-4.40000e-02,8.00000e-01,5.36000e-01,5.20000e-02,
400,-6.00000e-02,7.40000e-01,5.20000e-01,4.20000e-02,
401,-4.40000e-02,8.20000e-01,5.28000e-01,5.20000e-02,
402,-6.00000e-02,7.40000e-01,5.20000e-01,4.40000e-02,
403,-4.40000e-02,8.20000e-01,5.36000e-01,5.40000e-02,
404,-6.00000e-02,7.80000e-01,5.20000e-01,5.40000e-02,
405,-4.40000e-02,8.20000e-01,5.36000e-01,4.20000e-02,
406,-4.40000e-02,7.80000e-01,5.36000e-01,4.20000e-02,
407,-6.00000e-02,8.20000e-01,5.20000e-01,5.20000e-02,
408,-4.40000e-02,7.80000e-01,5.20000e-01,4.20000e-02,
409,-6.00000e-02,8.20000e-01,5.28000e-01,5.20000e-02,
410,-6.00000e-02,7.80000e-01,5.20000e-01,5.40000e-02,
411,-4.40000e-02,8.20000e-01,5.28000e-01,4.20000e-02,
412,-4.40000e-02,8.20000e-01,5.20000e-01,4.20000e-02,
413,-6.00000e-02,7.80000e-01,5.36000e-01,5.40000e-02,
414,-4.40000e-02,8.20000e-01,5.20000e-01,5.20000e-02,
415,-6.00000e-02,7.80000e-01,5.28000e-01,4.20000e-02,
416,-6.00000e-02,8.20000e-01,5.20000e-01,5.20000e-02,
417,-4.40000e-02,7.80000e-01,5.28000e-01,4.20000e-02,
418,-4.40000e-02,8.20000e-01,5.20000e-01,4.40000e-02,
419,-6.00000e-02,7.80000e-01,5.28000e-01,5.40000e-02,
420,-6.00000e-02,8.00000e-01,5.28000e-01,4.20000e-02,
421,-4.40000e-02,8.40000e-01,5.12000e-01,5.40000e-02,
422,-6.00000e-02,8.00000e-01,5.20000e-01,5.20000e-02,
423,-4.40000e-02,8.60000e-01,5.28000e-01,4.20000e-02,
424,-6.00000e-02,8.00000e-01,5.20000e-01,5.20000e-02,
425,-4.40000e-02,8.60000e-01,5.28000e-01,4.20000e-02,
426,-6.00000e-02,8.00000e-01,5.20000e-01,5.20000e-02,
427,-4.40000e-02,8.60000e-01,5.28000e-01,4.20000e-02,
428,-6.00000e-02,8.00000e-01,5.28000e-01,5.20000e-02,
429,-4.20000e-02,8.60000e-01,5.20000e-01,4.20000e-02,
430,-4.40000e-02,8.00000e-01,5.20000e-01,5.20000e-02,
431,-6.00000e-02,8.60000e-01,5.28000e-01,4.20000e-02,
432,-6.00000e-02,8.00000e-01,5.20000e-01,4.40000e-02,
433,-4.40000e-02,8.60000e-01,5.28000e-01,5.40000e-02,
434,-6.00000e-02,8.00000e-01,5.20000e-01,5.20000e-02,
435,-4.40000e-02,8.60000e-01,5.28000e-01,4.20000e-02,
436,-4.40000e-02,8.00000e-01,5.28000e-01,4.20000e-02,
437,-6.00000e-02,8.80000e-01,5.20000e-01,5.40000e-02,
438,-4.40000e-02,8.00000e-01,5.20000e-01,5.40000e-02,
439,-6.20000e-02,8.80000e-01,5.28000e-01,4.20000e-02,
440,-4.40000e-02,8.00000e-01,5.20000e-01,5.20000e-02,
441,-6.40000e-02,8.80000e-01,5.28000e-01,4.20000e-02,
442,-6.40000e-02,8.00000e-01,5.20000e-01,4.20000e-02,
443,-4.40000e-02,8.80000e-01,5.28000e-01,5.40000e-02,
444,-4.40000e-02,8.40000e-01,5.20000e-01,5.20000e-02,
445,-6.20000e-02,8.80000e-01,5.28000e-01,4.20000e-02,
446,-4.60000e-02,8.40000e-01,5.20000e-01,4.20000e-02,
447,-6.00000e-02,8.80000e-01,5.28000e-01,5.40000e-02,
448,-4.40000e-02,8.40000e-01,5.28000e-01,5.40000e-02,
449,-6.20000e-02,8.80000e-01,5.20000e-01,4.20000e-02,
450,-4.40000e-02,8.40000e-01,5.28000e-01,5.40000e-02,
451,-6.20000e-02,8.80000e-01,5.12000e-01,4.20000e-02,
452,-6.20000e-02,8.80000e-01,5.20000e-01,4.20000e-02,
453,-4.40000e-02,8.40000e-01,5.28000e-01,5.20000e-02,
454,-6.00000e-02,8.80000e-01,5.28000e-01,4.20000e-02,
455,-4.40000e-02,8.40000e-01,5.12000e-01,5.40000e-02,
456,-6.00000e-02,8.80000e-01,5.20000e-01,5.20000e-02,
457,-4.40000e-02,8.40000e-01,5.28000e-01,4.20000e-02,
458,-4.40000e-02,9.20000e-01,5.28000e-01,5.40000e-02,
459,-6.20000e-02,8.40000e-01,5.12000e-01,4.20000e-02,
460,-4.40000e-02,9.20000e-01,5.20000e-01,4.20000e-02,
461,-6.20000e-02,8.40000e-01,5.28000e-01,5.20000e-02,
462,-4.40000e-02,8.40000e-01,5.28000e-01,4.20000e-02,
463,-6.20000e-02,9.20000e-01,5.20000e-01,5.20000e-02,
464,-6.00000e-02,8.60000e-01,5.20000e-01,4.20000e-02,
465,-4.40000e-02,9.20000e-01,5.28000e-01,5.20000e-02,
466,-6.20000e-02,8.60000e-01,5.20000e-01,4.20000e-02,
467,-4.40000e-02,9.20000e-01,5.28000e-01,5.20000e-02,
468,-4.60000e-02,9.20000e-01,5.20000e-01,4.20000e-02,
469,-6.00000e-02,8.60000e-01,5.28000e-01,5.20000e-02,
470,-6.00000e-02,8.60000e-01,5.20000e-01,5.40000e-02,
471,-4.40000e-02,9.20000e-01,5.28000e-01,4.20000e-02,
472,-6.00000e-02,9.20000e-01,5.28000e-01,5.20000e-02,
473,-4.00000e-02,8.60000e-01,5.04000e-01,4.20000e-02,
474,-6.00000e-02,8.60000e-01,5.28000e-01,5.40000e-02,
475,-4.40000e-02,9.20000e-01,5.20000e-01,4.20000e-02,
476,-6.00000e-02,9.20000e-01,5.28000e-01,4.20000e-02,
477,-4.40000e-02,8.60000e-01,5.12000e-01,5.40000e-02,
478,-6.00000e-02,8.60000e-01,5.20000e-01,5.20000e-02,
479,-4.40000e-02,9.40000e-01,5.28000e-01,4.20000e-02,
480,-6.20000e-02,9.00000e-01,5.28000e-01,4.20000e-02,
481,-4.20000e-02,9.40000e-01,5.04000e-01,5.40000e-02,
482,-6.00000e-02,9.40000e-01,5.20000e-01,5.20000e-02,
483,-4.40000e-02,9.00000e-01,5.28000e-01,4.20000e-02,
484,-4.40000e-02,9.40000e-01,5.20000e-01,4.20000e-02,
485,-6.00000e-02,9.00000e-01,5.28000e-01,5.20000e-02,
486,-4.40000e-02,9.00000e-01,5.20000e-01,4.20000e-02,
487,-6.20000e-02,9.40000e-01,5.28000e-01,5.20000e-02,
488,-4.40000e-02,9.40000e-01,5.28000e-01,4.20000e-02,
489,-6.20000e-02,9.00000e-01,5.12000e-01,5.40000e-02,
490,-4.40000e-02,9.00000e-01,5.28000e-01,5.20000e-02,
491,-6.20000e-02,9.40000e-01,5.12000e-01,4.20000e-02,
492,-6.00000e-02,9.00000e-01,5.20000e-01,4.20000e-02,
493,-4.40000e-02,9.40000e-01,5.28000e-01,5.40000e-02,
494,-6.00000e-02,9.00000e-01,5.20000e-01,4.20000e-02,
495,-4.40000e-02,9.40000e-01,5.28000e-01,5.40000e-02,
496,-4.00000e-02,9.00000e-01,5.12000e-01,5.20000e-02,
497,-6.00000e-02,9.80000e-01,5.28000e-01,4.20000e-02,
498,-6.00000e-02,9.80000e-01,5.28000e-01,5.20000e-02,
499,-4.40000e-02,9.00000e-01,5.04000e-01,4.20000e-02,
500,-4.40000e-02,9.80000e-01,5.28000e-01,5.20000e-02,
501,-6.00000e-02,9.00000e-01,5.04000e-01,4.20000e-02,
502,-6.00000e-02,9.20000e-01,5.28000e-01,5.20000e-02,
503,-4.20000e-02,9.80000e-01,5.12000e-01,4.20000e-02,
504,-4.20000e-02,9.20000e-01,5.20000e-01,5.40000e-02,
505,-6.00000e-02,9.80000e-01,5.28000e-01,4.20000e-02,
506,-4.40000e-02,9.20000e-01,5.28000e-01,4.20000e-02,
507,-6.00000e-02,9.80000e-01,5.04000e-01,5.40000e-02,
508,-4.40000e-02,9.20000e-01,5.20000e-01,5.40000e-02,
509,-6.00000e-02,9.80000e-01,5.28000e-01,4.20000e-02,
510,-4.20000e-02,9.20000e-01,5.20000e-01,4.20000e-02,
511,-6.20000e-02,9.80000e-01,5.28000e-01,5.40000e-02,
512,-4.40000e-02,9.80000e-01,5.20000e-01,5.40000e-02,
513,-6.00000e-02,9.20000e-01,5.28000e-01,4.20000e-02,
514,-6.00000e-02,9.20000e-01,5.20000e-01,4.20000e-02,
515,-4.40000e-02,1.00000e+00,5.28000e-01,5.40000e-02,
516,-4.40000e-02,9.20000e-01,5.20000e-01,4.20000e-02,
517,-6.00000e-02,1.00000e+00,5.28000e-01,5.40000e-02,
518,-4.20000e-02,9.60000e-01,5.20000e-01,4.40000e-02,
519,-6.00000e-02,1.00000e+00,5.28000e-01,5.40000e-02,
520,-4.40000e-02,9.60000e-01,5.28000e-01,5.20000e-02,
521,-6.00000e-02,1.00000e+00,5.20000e-01,4.20000e-02,
522,-6.20000e-02,1.00000e+00,5.28000e-01,5.40000e-02,
523,-4.40000e-02,9.60000e-01,5.12000e-01,4.20000e-02,
524,-4.40000e-02,1.00000e+00,5.20000e-01,4.20000e-02,
525,-6.00000e-02,9.60000e-01,5.28000e-01,5.20000e-02,
526,-6.00000e-02,1.00000e+00,5.28000e-01,4.20000e-02,
527,-4.40000e-02,9.60000e-01,5.04000e-01,5.40000e-02,
528,-4.40000e-02,1.00000e+00,5.28000e-01,5.20000e-02,
529,-6.00000e-02,9.60000e-01,5.12000e-01,4.20000e-02,
530,-4.40000e-02,9.60000e-01,5.20000e-01,5.20000e-02,
531,-6.00000e-02,1.00000e+00,5.28000e-01,4.20000e-02,
532,-6.00000e-02,9.60000e-01,5.20000e-01,4.20000e-02,
533,-4.20000e-02,1.02000e+00,5.28000e-01,5.40000e-02,
534,-4.40000e-02,9.60000e-01,5.20000e-01,5.40000e-02,
535,-6.00000e-02,1.04000e+00,5.28000e-01,4.20000e-02,
536,-6.00000e-02,9.60000e-01,5.28000e-01,5.20000e-02,
537,-4.40000e-02,1.04000e+00,5.12000e-01,4.20000e-02,
538,-4.40000e-02,1.04000e+00,5.20000e-01,4.40000e-02,
539,-6.00000e-02,9.60000e-01,5.28000e-01,5.40000e-02,
540,-4.40000e-02,9.80000e-01,5.28000e-01,4.20000e-02,
541,-6.00000e-02,1.04000e+00,5.04000e-01,5.60000e-02,
542,-6.00000e-02,9.80000e-01,5.20000e-01,5.20000e-02,
543,-4.20000e-02,1.04000e+00,5.28000e-01,4.20000e-02,
544,-4.40000e-02,1.04000e+00,5.20000e-01,4.20000e-02,
545,-6.00000e-02,9.80000e-01,5.28000e-01,5.40000e-02,
546,-4.40000e-02,9.80000e-01,5.28000e-01,5.20000e-02,
547,-6.00000e-02,1.04000e+00,5.12000e-01,4.20000e-02,
548,-4.20000e-02,1.04000e+00,5.12000e-01,5.20000e-02,
549,-6.40000e-02,9.80000e-01,5.28000e-01,4.20000e-02,
550,-4.40000e-02,1.04000e+00,5.04000e-01,5.20000e-02,
551,-6.20000e-02,9.80000e-01,5.28000e-01,4.20000e-02,
552,-6.20000e-02,9.80000e-01,5.28000e-01,5.40000e-02,
553,-4.40000e-02,1.04000e+00,5.12000e-01,4.20000e-02,
554,-4.40000e-02,9.80000e-01,5.20000e-01,5.20000e-02,
555,-6.00000e-02,1.06000e+00,5.28000e-01,4.20000e-02,
556,-4.20000e-02,1.06000e+00,5.20000e-01,5.40000e-02,
557,-6.20000e-02,9.80000e-01,5.28000e-01,4.20000e-02,
558,-4.40000e-02,1.06000e+00,5.28000e-01,4.20000e-02,
559,-6.20000e-02,9.80000e-01,5.04000e-01,5.20000e-02,
560,-6.00000e-02,1.02000e+00,5.28000e-01,5.20000e-02,
561,-4.40000e-02,1.06000e+00,5.12000e-01,4.20000e-02,
562,-6.00000e-02,1.06000e+00,5.04000e-01,4.20000e-02,
563,-4.40000e-02,1.02000e+00,5.28000e-01,5.20000e-02,
564,-4.20000e-02,1.06000e+00,5.04000e-01,5.40000e-02,
565,-6.40000e-02,1.02000e+00,5.28000e-01,4.20000e-02,
566,-6.00000e-02,1.02000e+00,5.28000e-01,4.20000e-02,
567,-4.40000e-02,1.06000e+00,5.12000e-01,5.20000e-02,
568,-4.40000e-02,1.02000e+00,5.28000e-01,5.20000e-02,
569,-6.00000e-02,1.06000e+00,5.04000e-01,4.20000e-02,
570,-4.40000e-02,1.02000e+00,5.28000e-01,5.20000e-02,
571,-6.20000e-02,1.08000e+00,5.04000e-01,4.20000e-02,
572,-6.00000e-02,1.06000e+00,5.28000e-01,5.20000e-02,
573,-4.40000e-02,1.02000e+00,5.12000e-01,4.20000e-02,
574,-6.00000e-02,1.02000e+00,5.20000e-01,4.20000e-02,
575,-4.40000e-02,1.10000e+00,5.28000e-01,5.20000e-02,
576,-4.60000e-02,1.02000e+00,5.28000e-01,5.20000e-02,
577,-6.00000e-02,1.06000e+00,5.12000e-01,4.20000e-02,
578,-4.40000e-02,1.04000e+00,5.28000e-01,4.20000e-02,
579,-6.20000e-02,1.10000e+00,5.04000e-01,5.20000e-02,
580,-6.20000e-02,1.10000e+00,5.28000e-01,5.20000e-02,
581,-4.40000e-02,1.04000e+00,5.04000e-01,4.20000e-02,
582,-6.00000e-02,1.10000e+00,5.04000e-01,5.20000e-02,
583,-4.40000e-02,1.04000e+00,5.28000e-01,4.20000e-02,
584,-6.00000e-02,1.04000e+00,5.12000e-01,5.20000e-02,
585,-4.40000e-02,1.10000e+00,5.28000e-01,4.20000e-02,
586,-4.40000e-02,1.10000e+00,5.28000e-01,4.20000e-02,
587,-6.20000e-02,1.04000e+00,5.04000e-01,5.40000e-02,
588,-6.00000e-02,1.04000e+00,5.28000e-01,4.20000e-02,
589,-4.40000e-02,1.10000e+00,5.04000e-01,5.20000e-02,
590,-4.40000e-02,1.04000e+00,5.28000e-01,5.20000e-02,
591,-6.00000e-02,1.10000e+00,5.12000e-01,4.20000e-02,
592,-4.40000e-02,1.10000e+00,5.28000e-01,4.20000e-02,
593,-6.00000e-02,1.04000e+00,5.04000e-01,5.40000e-02,
594,-6.20000e-02,1.12000e+00,5.28000e-01,4.20000e-02,
595,-4.20000e-02,1.04000e+00,5.12000e-01,5.20000e-02,
596,-6.00000e-02,1.04000e+00,5.28000e-01,4.20000e-02,
597,-4.40000e-02,1.12000e+00,5.04000e-01,5.20000e-02,
598,-4.60000e-02,1.12000e+00,5.28000e-01,5.20000e-02,
599,-6.00000e-02,1.04000e+00,5.04000e-01,4.00000e-02,
600,6.40000e-02,1.08000e+00,5.20000e-01,-4.80000e-02,
601,4.20000e-02,-7.80000e-01,-5.52000e-01,-6.40000e-02,
602,4.20000e-02,-7.40000e-01,-5.28000e-01,-6.00000e-02,
603,5.80000e-02,-8.00000e-01,-5.52000e-01,-5.00000e-02,
604,4.20000e-02,-7.60000e-01,-5.52000e-01,-6.00000e-02,
605,5.80000e-02,-8.20000e-01,-5.28000e-01,-5.00000e-02,
606,5.80000e-02,-8.20000e-01,-5.28000e-01,-5.20000e-02,
607,4.20000e-02,-7.60000e-01,-5.52000e-01,-6.00000e-02,
608,5.80000e-02,-7.60000e-01,-5.28000e-01,-5.00000e-02,
609,4.00000e-02,-8.20000e-01,-5.44000e-01,-6.60000e-02,
610,5.80000e-02,-7.60000e-01,-5.36000e-01,-5.20000e-02,
611,4.20000e-02,-8.20000e-01,-5.28000e-01,-6.00000e-02,
612,5.80000e-02,-7.60000e-01,-5.36000e-01,-6.00000e-02,
613,4.00000e-02,-8.20000e-01,-5.28000e-01,-5.00000e-02,
614,5.80000e-02,-7.60000e-01,-5.36000e-01,-5.20000e-02,
615,4.20000e-02,-8.20000e-01,-5.28000e-01,-6.00000e-02,
616,4.20000e-02,-7.60000e-01,-5.36000e-01,-6.00000e-02,
617,6.00000e-02,-8.40000e-01,-5.20000e-01,-5.00000e-02,
618,6.00000e-02,-7.60000e-01,-5.36000e-01,-5.20000e-02,
619,4.00000e-02,-8.40000e-01,-5.28000e-01,-6.00000e-02,
620,4.20000e-02,-7.60000e-01,-5.36000e-01,-5.00000e-02,
621,5.80000e-02,-8.40000e-01,-5.28000e-01,-6.00000e-02,
622,4.20000e-02,-8.40000e-01,-5.36000e-01,-6.00000e-02,
623,6.00000e-02,-7.60000e-01,-5.28000e-01,-5.00000e-02,
624,4.20000e-02,-8.00000e-01,-5.36000e-01,-5.00000e-02,
625,6.00000e-02,-8.40000e-01,-5.20000e-01,-6.00000e-02,
626,4.20000e-02,-8.00000e-01,-5.36000e-01,-6.00000e-02,
627,5.80000e-02,-8.40000e-01,-5.28000e-01,-5.00000e-02,
628,5.80000e-02,-8.40000e-01,-5.36000e-01,-5.00000e-02,
629,4.20000e-02,-8.00000e-01,-5.20000e-01,-6.00000e-02,
630,5.80000e-02,-8.40000e-01,-5.36000e-01,-6.00000e-02,
631,4.20000e-02,-8.00000e-01,-5.20000e-01,-5.00000e-02,
632,4.20000e-02,-8.40000e-01,-5.36000e-01,-5.00000e-02,
633,5.80000e-02,-8.00000e-01,-5.20000e-01,-6.00000e-02,
634,4.20000e-02,-8.00000e-01,-5.36000e-01,-6.00000e-02,
635,5.80000e-02,-8.60000e-01,-5.20000e-01,-5.00000e-02,
636,5.80000e-02,-8.00000e-01,-5.20000e-01,-6.00000e-02,
637,4.20000e-02,-8.80000e-01,-5.36000e-01,-5.00000e-02,
638,6.00000e-02,-8.80000e-01,-5.36000e-01,-5.00000e-02,
639,3.80000e-02,-8.00000e-01,-5.20000e-01,-6.00000e-02,
640,4.20000e-02,-8.80000e-01,-5.20000e-01,-5.00000e-02,
641,6.00000e-02,-8.00000e-01,-5.36000e-01,-6.00000e-02,
642,4.20000e-02,-8.80000e-01,-5.36000e-01,-5.00000e-02,
643,5.80000e-02,-8.00000e-01,-5.20000e-01,-6.00000e-02,
644,4.20000e-02,-8.20000e-01,-5.36000e-01,-6.00000e-02,
645,6.00000e-02,-8.80000e-01,-5.20000e-01,-5.00000e-02,
646,4.20000e-02,-8.20000e-01,-5.36000e-01,-6.00000e-02,
647,6.40000e-02,-8.80000e-01,-5.20000e-01,-5.00000e-02,
648,4.20000e-02,-8.20000e-01,-5.36000e-01,-6.00000e-02,
649,5.80000e-02,-8.80000e-01,-5.20000e-01,-5.00000e-02,
650,5.80000e-02,-8.20000e-01,-5.36000e-01,-5.00000e-02,
651,4.20000e-02,-8.80000e-01,-5.20000e-01,-6.20000e-02,
652,4.20000e-02,-8.80000e-01,-5.36000e-01,-6.00000e-02,
653,6.00000e-02,-8.20000e-01,-5.20000e-01,-5.00000e-02,
654,4.20000e-02,-8.20000e-01,-5.36000e-01,-5.00000e-02,
655,6.00000e-02,-8.80000e-01,-5.20000e-01,-6.00000e-02,
656,4.20000e-02,-9.00000e-01,-5.36000e-01,-6.00000e-02,
657,6.00000e-02,-8.20000e-01,-5.20000e-01,-5.00000e-02,
658,4.20000e-02,-8.40000e-01,-5.20000e-01,-5.00000e-02,
659,5.80000e-02,-9.00000e-01,-5.36000e-01,-6.00000e-02,
660,3.80000e-02,-8.60000e-01,-5.36000e-01,-6.00000e-02,
661,6.00000e-02,-9.00000e-01,-5.20000e-01,-5.00000e-02,
662,6.00000e-02,-8.60000e-01,-5.36000e-01,-4.80000e-02,
663,4.20000e-02,-9.00000e-01,-5.20000e-01,-6.00000e-02,
664,5.80000e-02,-8.60000e-01,-5.20000e-01,-6.00000e-02,
665,4.20000e-02,-9.00000e-01,-5.36000e-01,-5.00000e-02,
666,5.80000e-02,-8.60000e-01,-5.20000e-01,-6.00000e-02,
667,4.20000e-02,-9.00000e-01,-5.36000e-01,-5.00000e-02,
668,5.80000e-02,-8.60000e-01,-5.36000e-01,-6.00000e-02,
669,4.20000e-02,-9.00000e-01,-5.20000e-01,-5.00000e-02,
670,4.20000e-02,-8.60000e-01,-5.36000e-01,-5.00000e-02,
671,6.20000e-02,-9.40000e-01,-5.20000e-01,-6.00000e-02,
672,5.80000e-02,-8.60000e-01,-5.36000e-01,-6.00000e-02,
673,4.20000e-02,-9.40000e-01,-5.20000e-01,-5.00000e-02,
674,4.20000e-02,-8.60000e-01,-5.20000e-01,-5.00000e-02,
675,6.00000e-02,-9.40000e-01,-5.36000e-01,-6.00000e-02,
676,5.80000e-02,-8.60000e-01,-5.36000e-01,-5.80000e-02,
677,4.20000e-02,-9.20000e-01,-5.20000e-01,-5.00000e-02,
678,4.20000e-02,-8.60000e-01,-5.36000e-01,-5.00000e-02,
679,6.00000e-02,-9.40000e-01,-5.20000e-01,-6.00000e-02,
680,6.00000e-02,-9.40000e-01,-5.20000e-01,-5.00000e-02,
681,4.40000e-02,-8.60000e-01,-5.36000e-01,-5.80000e-02,
682,4.20000e-02,-9.40000e-01,-5.20000e-01,-5.00000e-02,
683,6.00000e-02,-8.60000e-01,-5.36000e-01,-6.00000e-02,
684,4.40000e-02,-8.80000e-01,-5.20000e-01,-5.00000e-02,
685,5.80000e-02,-9.40000e-01,-5.36000e-01,-5.80000e-02,
686,5.80000e-02,-9.40000e-01,-5.36000e-01,-6.00000e-02,
687,4.20000e-02,-8.80000e-01,-5.20000e-01,-5.00000e-02,
688,4.20000e-02,-8.80000e-01,-5.36000e-01,-5.00000e-02,
689,6.00000e-02,-9.40000e-01,-5.20000e-01,-6.00000e-02,
690,4.20000e-02,-9.40000e-01,-5.20000e-01,-5.00000e-02,
691,6.00000e-02,-8.80000e-01,-5.36000e-01,-6.00000e-02,
692,4.20000e-02,-8.80000e-01,-5.20000e-01,-5.00000e-02,
693,6.00000e-02,-9.40000e-01,-5.36000e-01,-6.20000e-02,
694,4.20000e-02,-8.80000e-01,-5.36000e-01,-5.80000e-02,
695,6.00000e-02,-9.60000e-01,-5.20000e-01,-5.00000e-02,
696,4.20000e-02,-9.00000e-01,-5.36000e-01,-5.00000e-02,
697,6.00000e-02,-9.60000e-01,-5.20000e-01,-6.00000e-02,
698,4.20000e-02,-9.60000e-01,-5.36000e-01,-5.80000e-02,
699,6.20000e-02,-9.00000e-01,-5.20000e-01,-5.00000e-02,
700,5.80000e-02,-9.60000e-01,-5.36000e-01,-5.00000e-02,
701,4.20000e-02,-9.20000e-01,-5.20000e-01,-6.00000e-02,
702,4.20000e-02,-9.60000e-01,-5.20000e-01,-5.80000e-02,
703,6.00000e-02,-9.20000e-01,-5.36000e-01,-5.00000e-02,
704,4.20000e-02,-9.60000e-01,-5.20000e-01,-5.80000e-02,
705,6.00000e-02,-9.20000e-01,-5.36000e-01,-5.00000e-02,
706,6.00000e-02,-9.60000e-01,-5.20000e-01,-5.00000e-02,
707,4.00000e-02,-9.20000e-01,-5.36000e-01,-5.80000e-02,
708,4.20000e-02,-9.60000e-01,-5.20000e-01,-6.00000e-02,
709,6.00000e-02,-9.20000e-01,-5.36000e-01,-5.00000e-02,
710,6.00000e-02,-9.60000e-01,-5.20000e-01,-5.00000e-02,
711,4.20000e-02,-9.20000e-01,-5.36000e-01,-5.80000e-02,
712,4.40000e-02,-9.20000e-01,-5.20000e-01,-5.80000e-02,
713,6.00000e-02,-9.80000e-01,-5.36000e-01,-5.00000e-02,
714,4.40000e-02,-9.20000e-01,-5.20000e-01,-5.00000e-02,
715,6.20000e-02,-1.00000e+00,-5.36000e-01,-5.80000e-02,
716,4.20000e-02,-9.20000e-01,-5.20000e-01,-6.00000e-02,
717,6.00000e-02,-1.00000e+00,-5.36000e-01,-5.00000e-02,
718,6.00000e-02,-1.00000e+00,-5.20000e-01,-5.00000e-02,
719,4.20000e-02,-9.20000e-01,-5.36000e-01,-6.00000e-02,
720,6.00000e-02,-9.40000e-01,-5.20000e-01,-5.80000e-02,
721,4.20000e-02,-1.00000e+00,-5.36000e-01,-5.00000e-02,
722,4.20000e-02,-9.40000e-01,-5.20000e-01,-5.00000e-02,
723,6.00000e-02,-1.00000e+00,-5.36000e-01,-6.00000e-02,
724,4.20000e-02,-1.00000e+00,-5.20000e-01,-6.00000e-02,
725,6.00000e-02,-9.40000e-01,-5.36000e-01,-5.00000e-02,
726,5.80000e-02,-1.00000e+00,-5.20000e-01,-5.00000e-02,
727,4.20000e-02,-9.40000e-01,-5.36000e-01,-6.00000e-02,
728,4.20000e-02,-1.00000e+00,-5.36000e-01,-5.00000e-02,
729,6.00000e-02,-9.40000e-01,-5.20000e-01,-6.00000e-02,
730,5.80000e-02,-9.40000e-01,-5.20000e-01,-5.00000e-02,
731,4.20000e-02,-1.02000e+00,-5.36000e-01,-6.00000e-02,
732,5.80000e-02,-9.40000e-01,-5.20000e-01,-6.00000e-02,
733,4.20000e-02,-1.02000e+00,-5.36000e-01,-5.00000e-02,
734,6.00000e-02,-1.02000e+00,-5.20000e-01,-5.00000e-02,
735,4.20000e-02,-9.40000e-01,-5.36000e-01,-6.00000e-02,
736,6.20000e-02,-1.02000e+00,-5.20000e-01,-6.00000e-02,
737,4.00000e-02,-9.60000e-01,-5.36000e-01,-4.80000e-02,
738,4.20000e-02,-1.02000e+00,-5.20000e-01,-5.20000e-02,
739,6.00000e-02,-9.80000e-01,-5.36000e-01,-6.00000e-02,
740,6.00000e-02,-1.02000e+00,-5.20000e-01,-5.00000e-02,
741,4.20000e-02,-9.80000e-01,-5.36000e-01,-6.00000e-02,
742,4.20000e-02,-1.02000e+00,-5.20000e-01,-6.00000e-02,
743,6.00000e-02,-9.80000e-01,-5.36000e-01,-5.00000e-02,
744,6.00000e-02,-9.80000e-01,-5.20000e-01,-5.00000e-02,
745,4.00000e-02,-1.02000e+00,-5.36000e-01,-6.00000e-02,
746,4.20000e-02,-9.80000e-01,-5.20000e-01,-6.00000e-02,
747,6.00000e-02,-1.02000e+00,-5.36000e-01,-5.00000e-02,
748,4.40000e-02,-1.02000e+00,-5.20000e-01,-5.80000e-02,
749,6.00000e-02,-9.80000e-01,-5.36000e-01,-5.00000e-02,
750,4.20000e-02,-9.80000e-01,-5.20000e-01,-5.80000e-02,
751,6.00000e-02,-1.02000e+00,-5.36000e-01,-5.00000e-02,
752,6.00000e-02,-1.02000e+00,-5.20000e-01,-5.00000e-02,
753,4.20000e-02,-9.80000e-01,-5.36000e-01,-6.00000e-02,
754,6.00000e-02,-1.02000e+00,-5.20000e-01,-5.80000e-02,
755,4.20000e-02,-9.80000e-01,-5.36000e-01,-5.00000e-02,
756,6.00000e-02,-9.80000e-01,-5.20000e-01,-5.80000e-02,
757,4.20000e-02,-1.06000e+00,-5.36000e-01,-5.00000e-02,
758,6.00000e-02,-1.06000e+00,-5.20000e-01,-5.00000e-02,
759,4.20000e-02,-9.80000e-01,-5.36000e-01,-5.80000e-02,
760,6.00000e-02,-1.06000e+00,-5.20000e-01,-5.80000e-02,
761,4.20000e-02,-1.00000e+00,-5.36000e-01,-5.00000e-02,
762,4.20000e-02,-1.06000e+00,-5.36000e-01,-5.00000e-02,
763,6.00000e-02,-1.00000e+00,-5.20000e-01,-6.00000e-02,
764,6.00000e-02,-1.06000e+00,-5.20000e-01,-5.00000e-02,
765,4.20000e-02,-1.00000e+00,-5.36000e-01,-6.00000e-02,
766,6.00000e-02,-1.06000e+00,-5.20000e-01,-5.00000e-02,
767,4.20000e-02,-1.00000e+00,-5.36000e-01,-6.00000e-02,
768,5.80000e-02,-1.08000e+00,-5.20000e-01,-6.00000e-02,
769,4.20000e-02,-1.00000e+00,-5.36000e-01,-5.00000e-02,
770,6.00000e-02,-1.00000e+00,-5.20000e-01,-5.00000e-02,
771,4.20000e-02,-1.08000e+00,-5.36000e-01,-6.00000e-02,
772,4.20000e-02,-1.08000e+00,-5.20000e-01,-5.80000e-02,
773,5.80000e-02,-1.00000e+00,-5.36000e-01,-5.00000e-02,
774,4.20000e-02,-1.00000e+00,-5.20000e-01,-5.00000e-02,
775,6.20000e-02,-1.08000e+00,-5.36000e-01,-6.00000e-02,
776,4.20000e-02,-1.08000e+00,-5.20000e-01,-6.00000e-02,
777,6.00000e-02,-1.00000e+00,-5.36000e-01,-5.00000e-02,
778,6.00000e-02,-1.08000e+00,-5.28000e-01,-5.00000e-02,
779,4.40000e-02,-1.04000e+00,-5.20000e-01,-6.00000e-02,
780,4.40000e-02,-1.08000e+00,-5.28000e-01,-5.80000e-02,
781,6.00000e-02,-1.04000e+00,-5.20000e-01,-5.00000e-02,
782,6.00000e-02,-1.04000e+00,-5.20000e-01,-5.00000e-02,
783,4.20000e-02,-1.08000e+00,-5.36000e-01,-5.80000e-02,
784,5.80000e-02,-1.08000e+00,-5.28000e-01,-5.00000e-02,
785,4.40000e-02,-1.04000e+00,-5.20000e-01,-6.00000e-02,
786,4.20000e-02,-1.08000e+00,-5.20000e-01,-5.00000e-02,
787,6.00000e-02,-1.04000e+00,-5.28000e-01,-6.00000e-02,
788,4.20000e-02,-1.08000e+00,-5.28000e-01,-5.00000e-02,
789,6.00000e-02,-1.04000e+00,-5.20000e-01,-6.00000e-02,
790,4.20000e-02,-1.04000e+00,-5.20000e-01,-6.00000e-02,
791,6.00000e-02,-1.08000e+00,-5.36000e-01,-4.80000e-02,
792,6.00000e-02,-1.04000e+00,-5.20000e-01,-5.00000e-02,
793,4.20000e-02,-1.12000e+00,-5.28000e-01,-6.00000e-02,
794,6.00000e-02,-1.12000e+00,-5.20000e-01,-6.00000e-02,
795,4.20000e-02,-1.04000e+00,-5.36000e-01,-5.00000e-02,
796,6.00000e-02,-1.06000e+00,-5.20000e-01,-6.00000e-02,
797,4.00000e-02,-1.12000e+00,-5.36000e-01,-5.00000e-02,
798,5.80000e-02,-1.12000e+00,-5.36000e-01,-6.00000e-02,
799,4.20000e-02,-1.06000e+00,-5.20000e-01,-5.00000e-02,
800,6.00000e-02,-1.12000e+00,-5.20000e-01,-5.00000e-02,
801,4.20000e-02,-1.06000e+00,-5.36000e-01,-6.00000e-02,
802,4.40000e-02,-1.12000e+00,-5.20000e-01,-5.20000e-02,
803,6.00000e-02,-1.06000e+00,-5.36000e-01,-6.00000e-02,
804,4.20000e-02,-1.06000e+00,-5.20000e-01,-5.00000e-02,
805,6.00000e-02,-1.12000e+00,-5.36000e-01,-6.00000e-02,
806,4.20000e-02,-1.12000e+00,-5.20000e-01,-6.00000e-02,
807,6.00000e-02,-1.06000e+00,-5.36000e-01,-5.20000e-02,
808,6.00000e-02,-1.12000e+00,-5.20000e-01,-5.00000e-02,
809,4.20000e-02,-1.06000e+00,-5.28000e-01,-6.00000e-02,
810,4.40000e-02,-1.12000e+00,-5.28000e-01,-6.00000e-02,
811,6.00000e-02,-1.06000e+00,-5.20000e-01,-5.00000e-02,
812,6.00000e-02,-1.06000e+00,-5.20000e-01,-5.00000e-02,
813,4.20000e-02,-1.14000e+00,-5.36000e-01,-6.00000e-02,
814,4.40000e-02,-1.06000e+00,-5.36000e-01,-5.80000e-02,
815,6.00000e-02,-1.14000e+00,-5.20000e-01,-5.00000e-02,
816,4.20000e-02,-1.08000e+00,-5.28000e-01,-5.80000e-02,
817,6.00000e-02,-1.14000e+00,-5.20000e-01,-5.00000e-02,
818,4.20000e-02,-1.08000e+00,-5.20000e-01,-5.80000e-02,
819,6.00000e-02,-1.14000e+00,-5.28000e-01,-5.00000e-02,
820,6.00000e-02,-1.10000e+00,-5.20000e-01,-5.00000e-02,
821,4.20000e-02,-1.14000e+00,-5.36000e-01,-6.20000e-02,
822,4.40000e-02,-1.14000e+00,-5.28000e-01,-5.80000e-02,
823,6.00000e-02,-1.10000e+00,-5.20000e-01,-5.00000e-02,
824,6.00000e-02,-1.10000e+00,-5.20000e-01,-6.00000e-02,
825,4.40000e-02,-1.14000e+00,-5.28000e-01,-5.00000e-02,
826,6.00000e-02,-1.10000e+00,-5.20000e-01,-5.00000e-02,
827,4.20000e-02,-1.16000e+00,-5.36000e-01,-6.00000e-02,
828,6.00000e-02,-1.10000e+00,-5.36000e-01,-6.00000e-02,
829,4.20000e-02,-1.18000e+00,-5.20000e-01,-5.00000e-02,
830,6.00000e-02,-1.10000e+00,-5.28000e-01,-5.00000e-02,
831,4.20000e-02,-1.18000e+00,-5.20000e-01,-6.00000e-02,
832,5.80000e-02,-1.18000e+00,-5.20000e-01,-5.20000e-02,
833,4.20000e-02,-1.10000e+00,-5.36000e-01,-6.20000e-02,
834,6.00000e-02,-1.18000e+00,-5.20000e-01,-6.00000e-02,
835,4.20000e-02,-1.10000e+00,-5.28000e-01,-4.80000e-02,
836,5.80000e-02,-1.18000e+00,-5.20000e-01,-6.00000e-02,
837,4.20000e-02,-1.12000e+00,-5.36000e-01,-5.00000e-02,
838,5.80000e-02,-1.18000e+00,-5.28000e-01,-5.00000e-02,
839,4.20000e-02,-1.12000e+00,-5.20000e-01,-6.00000e-02,
840,4.40000e-02,-1.18000e+00,-5.28000e-01,-6.00000e-02,
841,6.00000e-02,-1.12000e+00,-5.20000e-01,-5.00000e-02,
842,6.00000e-02,-1.18000e+00,-5.20000e-01,-5.00000e-02,
843,4.20000e-02,-1.12000e+00,-5.36000e-01,-6.00000e-02,
844,4.20000e-02,-1.18000e+00,-5.20000e-01,-6.00000e-02,
845,6.00000e-02,-1.12000e+00,-5.28000e-01,-5.00000e-02,
846,6.00000e-02,-1.18000e+00,-5.20000e-01,-5.00000e-02,
847,4.20000e-02,-1.12000e+00,-5.28000e-01,-6.00000e-02,
848,6.00000e-02,-1.18000e+00,-5.20000e-01,-5.00000e-02,
849,4.20000e-02,-1.12000e+00,-5.28000e-01,-6.00000e-02,
850,-6.40000e-02,-1.18000e+00,-5.28000e-01,3.80000e-02,
851,-4.20000e-02,7.20000e-01,5.36000e-01,5.80000e-02,
852,-5.80000e-02,7.20000e-01,5.36000e-01,4.40000e-02,
853,-4.40000e-02,6.80000e-01,5.28000e-01,5.40000e-02,
854,-4.40000e-02,7.20000e-01,5.36000e-01,4.20000e-02,
855,-6.00000e-02,6.80000e-01,5.20000e-01,5.40000e-02,
856,-5.80000e-02,6.80000e-01,5.36000e-01,5.40000e-02,
857,-4.20000e-02,7.40000e-01,5.20000e-01,4.20000e-02,
858,-4.40000e-02,6.80000e-01,5.36000e-01,4.20000e-02,
859,-6.00000e-02,7.40000e-01,5.20000e-01,5.40000e-02,
860,-6.00000e-02,6.80000e-01,5.36000e-01,5.40000e-02,
861,-4.40000e-02,7.60000e-01,5.20000e-01,4.20000e-02,
862,-4.40000e-02,6.80000e-01,5.20000e-01,4.40000e-02,
863,-6.00000e-02,7.60000e-01,5.36000e-01,5.20000e-02,
864,-6.00000e-02,7.60000e-01,5.36000e-01,4.20000e-02,
865,-4.00000e-02,7.20000e-01,5.20000e-01,5.40000e-02,
866,-4.40000e-02,7.60000e-01,5.20000e-01,4.20000e-02,
867,-6.00000e-02,7.00000e-01,5.36000e-01,5.40000e-02,
868,-5.80000e-02,7.20000e-01,5.20000e-01,5.40000e-02,
869,-4.20000e-02,7.60000e-01,5.36000e-01,4.20000e-02,
870,-6.00000e-02,7.60000e-01,5.20000e-01,4.40000e-02,
871,-4.20000e-02,7.20000e-01,5.36000e-01,5.40000e-02,
872,-4.00000e-02,7.20000e-01,5.20000e-01,5.40000e-02,
873,-6.20000e-02,7.60000e-01,5.36000e-01,4.20000e-02,
874,-5.80000e-02,7.20000e-01,5.20000e-01,4.40000e-02,
875,-4.00000e-02,7.60000e-01,5.36000e-01,5.40000e-02,
876,-4.20000e-02,7.60000e-01,5.20000e-01,4.40000e-02,
877,-6.00000e-02,7.20000e-01,5.36000e-01,5.40000e-02,
878,-5.80000e-02,7.20000e-01,5.20000e-01,5.40000e-02,
879,-4.20000e-02,7.80000e-01,5.36000e-01,4.40000e-02,
880,-6.20000e-02,7.40000e-01,5.20000e-01,5.40000e-02,
881,-4.00000e-02,8.00000e-01,5.36000e-01,4.20000e-02,
882,-5.80000e-02,7.40000e-01,5.20000e-01,5.40000e-02,
883,-4.20000e-02,8.00000e-01,5.36000e-01,4.20000e-02,
884,-5.80000e-02,7.40000e-01,5.20000e-01,4.20000e-02,
885,-4.40000e-02,8.00000e-01,5.36000e-01,5.40000e-02,
886,-4.40000e-02,7.40000e-01,5.20000e-01,4.20000e-02,
887,-6.00000e-02,8.00000e-01,5.36000e-01,5.40000e-02,
888,-6.40000e-02,7.40000e-01,5.20000e-01,4.20000e-02,
889,-4.20000e-02,8.00000e-01,5.36000e-01,5.20000e-02,
890,-4.40000e-02,7.40000e-01,5.36000e-01,5.40000e-02,
891,-6.00000e-02,8.00000e-01,5.20000e-01,4.20000e-02,
892,-6.00000e-02,8.00000e-01,5.36000e-01,4.20000e-02,
893,-4.40000e-02,7.40000e-01,5.20000e-01,5.20000e-02,
894,-6.20000e-02,7.40000e-01,5.20000e-01,4.20000e-02,
895,-4.20000e-02,8.00000e-01,5.36000e-01,5.40000e-02,
896,-6.00000e-02,7.40000e-01,5.20000e-01,4.20000e-02,
897,-4.40000e-02,8.00000e-01,5.36000e-01,5.20000e-02,
898,-4.40000e-02,7.40000e-01,5.20000e-01,5.20000e-02,
899,-6.00000e-02,8.20000e-01,5.36000e-01,4.20000e-02,
900,-4.40000e-02,7.40000e-01,5.20000e-01,5.40000e-02,
901,-6.00000e-02,8.20000e-01,5.36000e-01,4.20000e-02,
902,-4.40000e-02,8.20000e-01,5.20000e-01,4.20000e-02,
903,-6.20000e-02,7.40000e-01,5.36000e-01,5.40000e-02,
904,-4.20000e-02,7.80000e-01,5.20000e-01,4.20000e-02,
905,-6.00000e-02,8.20000e-01,5.36000e-01,5.40000e-02,
906,-4.40000e-02,7.80000e-01,5.20000e-01,5.20000e-02,
907,-6.00000e-02,8.20000e-01,5.28000e-01,4.20000e-02,
908,-4.20000e-02,8.20000e-01,5.20000e-01,4.20000e-02,
909,-6.00000e-02,7.80000e-01,5.36000e-01,5.40000e-02,
910,-6.20000e-02,8.20000e-01,5.20000e-01,4.20000e-02,
911,-4.20000e-02,7.80000e-01,5.36000e-01,5.40000e-02,
912,-6.00000e-02,7.80000e-01,5.20000e-01,5.20000e-02,
913,-4.20000e-02,8.20000e-01,5.36000e-01,4.20000e-02,
914,-6.00000e-02,8.20000e-01,5.28000e-01,4.20000e-02,
915,-4.40000e-02,7.80000e-01,5.20000e-01,5.40000e-02,
916,-4.40000e-02,7.80000e-01,5.20000e-01,5.20000e-02,
917,-6.00000e-02,8.20000e-01,5.28000e-01,4.00000e-02,
918,-6.40000e-02,7.80000e-01,5.20000e-01,4.20000e-02,
919,-4.20000e-02,8.20000e-01,5.28000e-01,5.40000e-02,
920,-4.40000e-02,8.40000e-01,5.20000e-01,5.20000e-02,
921,-6.00000e-02,7.80000e-01,5.28000e-01,4.20000e-02,
922,-6.00000e-02,8.00000e-01,5.20000e-01,4.20000e-02,
923,-4.40000e-02,8.60000e-01,5.36000e-01,5.20000e-02,
924,-4.40000e-02,8.00000e-01,5.20000e-01,5.20000e-02,
925,-6.20000e-02,8.60000e-01,5.36000e-01,4.20000e-02,
926,-4.40000e-02,8.00000e-01,5.20000e-01,4.20000e-02,
927,-6.00000e-02,8.60000e-01,5.28000e-01,5.20000e-02,
928,-4.40000e-02,8.00000e-01,5.20000e-01,5.20000e-02,
929,-6.00000e-02,8.60000e-01,5.28000e-01,4.20000e-02,
930,-4.40000e-02,8.00000e-01,5.20000e-01,4.20000e-02,
931,-6.00000e-02,8.60000e-01,5.28000e-01,5.20000e-02,
932,-4.40000e-02,8.00000e-01,5.20000e-01,5.20000e-02,
933,-6.00000e-02,8.60000e-01,5.28000e-01,4.20000e-02,
934,-4.40000e-02,8.00000e-01,5.20000e-01,4.20000e-02,
935,-6.00000e-02,8.60000e-01,5.28000e-01,5.40000e-02,
936,-4.40000e-02,8.00000e-01,5.20000e-01,5.00000e-02,
937,-6.00000e-02,8.60000e-01,5.28000e-01,4.20000e-02,
938,-6.00000e-02,8.60000e-01,5.20000e-01,4.20000e-02,
939,-4.40000e-02,8.00000e-01,5.28000e-01,5.20000e-02,
940,-6.20000e-02,8.00000e-01,5.12000e-01,4.20000e-02,
941,-4.40000e-02,8.80000e-01,5.36000e-01,5.20000e-02,
942,-6.00000e-02,8.00000e-01,5.28000e-01,4.20000e-02,
943,-4.40000e-02,8.80000e-01,5.20000e-01,5.20000e-02,
944,-6.00000e-02,8.40000e-01,5.28000e-01,4.20000e-02,
945,-4.40000e-02,8.80000e-01,5.20000e-01,5.20000e-02,
946,-5.80000e-02,8.40000e-01,5.20000e-01,4.20000e-02,
947,-4.40000e-02,8.80000e-01,5.28000e-01,5.20000e-02,
948,-6.00000e-02,8.80000e-01,5.12000e-01,4.20000e-02,
949,-4.40000e-02,8.40000e-01,5.28000e-01,5.40000e-02,
950,-4.40000e-02,8.40000e-01,5.20000e-01,5.40000e-02,
951,-5.80000e-02,8.80000e-01,5.28000e-01,4.20000e-02,
952,-5.80000e-02,8.40000e-01,5.20000e-01,4.20000e-02,
953,-4.40000e-02,8.80000e-01,5.28000e-01,5.20000e-02,
954,-4.40000e-02,8.40000e-01,5.20000e-01,4.20000e-02,
955,-6.00000e-02,9.00000e-01,5.28000e-01,5.40000e-02,
956,-5.80000e-02,8.40000e-01,5.28000e-01,4.20000e-02,
957,-4.40000e-02,9.20000e-01,5.20000e-01,5.20000e-02,
958,-6.00000e-02,9.20000e-01,5.28000e-01,4.20000e-02,
959,-4.20000e-02,8.40000e-01,5.20000e-01,5.20000e-02,
960,-4.40000e-02,8.60000e-01,5.20000e-01,4.20000e-02,
961,-6.00000e-02,9.20000e-01,5.28000e-01,5.20000e-02,
962,-4.40000e-02,8.60000e-01,5.36000e-01,5.20000e-02,
963,-6.20000e-02,9.20000e-01,5.04000e-01,4.20000e-02,
964,-6.00000e-02,8.60000e-01,5.20000e-01,5.20000e-02,
965,-4.40000e-02,9.20000e-01,5.28000e-01,4.20000e-02,
966,-4.40000e-02,8.60000e-01,5.20000e-01,4.20000e-02,
967,-6.00000e-02,9.20000e-01,5.28000e-01,5.20000e-02,
968,-4.40000e-02,8.60000e-01,5.20000e-01,5.20000e-02,
969,-6.00000e-02,9.20000e-01,5.28000e-01,4.20000e-02,
970,-4.20000e-02,8.60000e-01,5.28000e-01,5.20000e-02,
971,-6.20000e-02,9.20000e-01,5.04000e-01,4.20000e-02,
972,-6.00000e-02,8.60000e-01,5.20000e-01,5.20000e-02,
973,-4.40000e-02,9.20000e-01,5.28000e-01,4.20000e-02,
974,-6.00000e-02,8.60000e-01,5.28000e-01,4.20000e-02,
975,-4.40000e-02,9.20000e-01,5.20000e-01,5.20000e-02,
976,-4.40000e-02,8.60000e-01,5.20000e-01,5.20000e-02,
977,-6.00000e-02,9.40000e-01,5.28000e-01,4.20000e-02,
978,-4.60000e-02,9.20000e-01,5.28000e-01,4.00000e-02,
979,-6.20000e-02,8.60000e-01,5.04000e-01,5.00000e-02,
980,-6.40000e-02,8.60000e-01,5.20000e-01,5.20000e-02,
981,-4.40000e-02,9.40000e-01,5.28000e-01,4.20000e-02,
982,-4.40000e-02,9.00000e-01,5.28000e-01,4.20000e-02,
983,-6.20000e-02,9.40000e-01,5.04000e-01,5.20000e-02,
984,-4.40000e-02,9.00000e-01,5.28000e-01,4.20000e-02,
985,-6.20000e-02,9.40000e-01,5.04000e-01,5.20000e-02,
986,-6.00000e-02,9.00000e-01,5.20000e-01,4.20000e-02,
987,-4.40000e-02,9.40000e-01,5.28000e-01,5.20000e-02,
988,-4.40000e-02,9.00000e-01,5.20000e-01,4.20000e-02,
989,-6.20000e-02,9.40000e-01,5.28000e-01,5.20000e-02,
990,-6.00000e-02,9.40000e-01,5.20000e-01,4.20000e-02,
991,-4.40000e-02,9.00000e-01,5.28000e-01,5.20000e-02,
992,-4.20000e-02,9.40000e-01,5.28000e-01,4.00000e-02,
993,-6.20000e-02,9.00000e-01,5.04000e-01,5.40000e-02,
994,-6.00000e-02,9.00000e-01,5.20000e-01,4.20000e-02,
995,-4.40000e-02,9.40000e-01,5.28000e-01,5.20000e-02,
996,-6.00000e-02,9.00000e-01,5.28000e-01,4.20000e-02,
997,-4.40000e-02,9.80000e-01,5.12000e-01,5.20000e-02,
998,-4.40000e-02,9.00000e-01,5.28000e-01,4.20000e-02,
999,-6.40000e-02,9.80000e-01,5.20000e-01,5.40000e-02,
1000,-4.20000e-02,9.80000e-01,5.28000e-01,5.20000e-02,
1001,-6.20000e-02,9.00000e-01,5.04000e-01,4.00000e-02,
1002,-6.00000e-02,9.20000e-01,5.20000e-01,4.20000e-02,
1003,-4.40000e-02,9.80000e-01,5.28000e-01,5.20000e-02,
1004,-4.40000e-02,9.20000e-01,5.20000e-01,4.20000e-02,
1005,-6.00000e-02,9.80000e-01,5.28000e-01,5.20000e-02,
1006,-6.00000e-02,9.80000e-01,5.20000e-01,5.20000e-02,
1007,-4.40000e-02,9.20000e-01,5.28000e-01,4.20000e-02,
1008,-6.20000e-02,9.20000e-01,5.28000e-01,4.20000e-02,
1009,-4.40000e-02,9.80000e-01,5.04000e-01,5.40000e-02,
1010,-6.00000e-02,9.80000e-01,5.28000e-01,5.20000e-02,
1011,-4.40000e-02,9.20000e-01,5.12000e-01,4.20000e-02,
1012,-4.40000e-02,9.20000e-01,5.20000e-01,4.20000e-02,
1013,-6.00000e-02,9.80000e-01,5.28000e-01,5.20000e-02,
1014,-4.40000e-02,9.80000e-01,5.28000e-01,5.20000e-02,
1015,-6.00000e-02,9.20000e-01,5.04000e-01,4.20000e-02,
1016,-6.20000e-02,9.20000e-01,5.28000e-01,4.00000e-02,
1017,-4.20000e-02,1.00000e+00,5.04000e-01,5.20000e-02,
1018,-6.00000e-02,9.40000e-01,5.28000e-01,4.20000e-02,
1019,-4.40000e-02,9.80000e-01,5.12000e-01,5.20000e-02,
1020,-6.00000e-02,1.00000e+00,5.28000e-01,4.20000e-02,
1021,-4.40000e-02,9.20000e-01,5.04000e-01,5.20000e-02,
1022,-4.40000e-02,1.00000e+00,5.28000e-01,5.00000e-02,
1023,-6.20000e-02,9.40000e-01,5.04000e-01,4.00000e-02,
1024,-6.00000e-02,9.60000e-01,5.04000e-01,4.20000e-02,
1025,-4.40000e-02,1.00000e+00,5.28000e-01,5.20000e-02,
1026,-4.60000e-02,1.00000e+00,5.28000e-01,4.20000e-02,
1027,-6.20000e-02,9.60000e-01,5.20000e-01,5.20000e-02,
1028,-6.00000e-02,1.00000e+00,5.20000e-01,5.20000e-02,
1029,-4.40000e-02,9.60000e-01,5.28000e-01,4.20000e-02,
1030,-4.40000e-02,1.00000e+00,5.28000e-01,5.00000e-02,
1031,-6.20000e-02,9.60000e-01,5.04000e-01,4.20000e-02,
1032,-6.00000e-02,9.60000e-01,5.28000e-01,4.20000e-02,
1033,-4.40000e-02,1.00000e+00,5.12000e-01,5.40000e-02,
1034,-6.00000e-02,9.60000e-01,5.20000e-01,5.20000e-02,
1035,-4.40000e-02,1.02000e+00,5.28000e-01,4.20000e-02,
1036,-4.40000e-02,1.04000e+00,5.20000e-01,5.20000e-02,
1037,-6.00000e-02,9.60000e-01,5.28000e-01,4.20000e-02,
1038,-4.40000e-02,9.60000e-01,5.28000e-01,4.20000e-02,
1039,-6.20000e-02,1.04000e+00,5.04000e-01,5.40000e-02,
1040,-6.00000e-02,9.80000e-01,5.28000e-01,4.20000e-02,
1041,-4.40000e-02,1.04000e+00,5.12000e-01,5.20000e-02,
1042,-6.00000e-02,9.80000e-01,5.28000e-01,4.20000e-02,
1043,-4.40000e-02,1.04000e+00,5.12000e-01,5.20000e-02,
1044,-4.40000e-02,9.80000e-01,5.28000e-01,5.20000e-02,
1045,-6.00000e-02,1.04000e+00,5.04000e-01,4.00000e-02,
1046,-6.20000e-02,1.04000e+00,5.28000e-01,4.00000e-02,
1047,-4.20000e-02,9.80000e-01,5.12000e-01,5.40000e-02,
1048,-4.40000e-02,1.04000e+00,5.28000e-01,5.20000e-02,
1049,-6.00000e-02,9.80000e-01,5.04000e-01,4.20000e-02,
1050,-4.40000e-02,9.80000e-01,5.20000e-01,4.20000e-02,
1051,-6.20000e-02,1.06000e+00,5.28000e-01,5.20000e-02,
1052,-6.00000e-02,9.80000e-01,5.28000e-01,5.40000e-02,
1053,-4.40000e-02,1.06000e+00,5.04000e-01,4.20000e-02,
1054,-6.00000e-02,9.80000e-01,5.28000e-01,5.20000e-02,
1055,-4.40000e-02,1.06000e+00,5.12000e-01,4.20000e-02,
1056,-4.40000e-02,1.06000e+00,5.28000e-01,4.20000e-02,
1057,-6.00000e-02,1.00000e+00,5.20000e-01,5.20000e-02,
1058,-5.80000e-02,1.02000e+00,5.20000e-01,4.20000e-02,
1059,-4.40000e-02,1.06000e+00,5.28000e-01,5.40000e-02,
1060,-4.40000e-02,1.02000e+00,5.28000e-01,5.20000e-02,
1061,-6.20000e-02,1.06000e+00,5.04000e-01,4.00000e-02,
1062,-4.40000e-02,1.06000e+00,5.28000e-01,5.20000e-02,
1063,-6.00000e-02,1.02000e+00,5.04000e-01,4.20000e-02,
1064,-4.40000e-02,1.06000e+00,5.28000e-01,4.20000e-02,
1065,-6.00000e-02,1.02000e+00,5.12000e-01,5.20000e-02,
1066,-6.00000e-02,1.06000e+00,5.28000e-01,4.20000e-02,
1067,-4.40000e-02,1.02000e+00,5.12000e-01,5.20000e-02,
1068,-4.40000e-02,1.02000e+00,5.28000e-01,4.20000e-02,
1069,-6.40000e-02,1.06000e+00,5.04000e-01,5.20000e-02,
1070,-4.40000e-02,1.02000e+00,5.04000e-01,4.20000e-02,
1071,-6.00000e-02,1.06000e+00,5.28000e-01,5.20000e-02,
1072,-4.40000e-02,1.02000e+00,5.28000e-01,5.20000e-02,
1073,-6.20000e-02,1.06000e+00,5.04000e-01,4.20000e-02,
1074,-4.40000e-02,1.06000e+00,5.28000e-01,4.20000e-02,
1075,-6.00000e-02,1.02000e+00,5.04000e-01,5.20000e-02,
1076,-6.20000e-02,1.02000e+00,5.04000e-01,5.40000e-02,
1077,-4.40000e-02,1.08000e+00,5.28000e-01,4.00000e-02,
1078,-6.00000e-02,1.02000e+00,5.28000e-01,4.20000e-02,
1079,-4.40000e-02,1.10000e+00,5.04000e-01,5.00000e-02,
1080,-6.00000e-02,1.04000e+00,5.04000e-01,4.20000e-02,
1081,-4.40000e-02,1.10000e+00,5.28000e-01,5.20000e-02,
1082,-6.40000e-02,1.04000e+00,5.28000e-01,5.00000e-02,
1083,-4.40000e-02,1.10000e+00,5.04000e-01,4.20000e-02,
1084,-6.00000e-02,1.10000e+00,5.28000e-01,4.20000e-02,
1085,-4.40000e-02,1.04000e+00,5.04000e-01,5.40000e-02,
1086,-4.40000e-02,1.10000e+00,5.04000e-01,4.20000e-02,
1087,-6.00000e-02,1.04000e+00,5.28000e-01,5.20000e-02,
1088,-6.00000e-02,1.10000e+00,5.28000e-01,4.20000e-02,
1089,-4.40000e-02,1.04000e+00,5.04000e-01,5.40000e-02,
1090,-4.40000e-02,1.04000e+00,5.28000e-01,4.20000e-02,
1091,-6.20000e-02,1.10000e+00,5.04000e-01,5.40000e-02,
1092,-6.00000e-02,1.04000e+00,5.28000e-01,5.20000e-02,
1093,-4.40000e-02,1.10000e+00,5.04000e-01,4.20000e-02,
1094,-4.40000e-02,1.04000e+00,5.28000e-01,4.20000e-02,
1095,-6.20000e-02,1.12000e+00,5.04000e-01,5.20000e-02,
1096,-4.40000e-02,1.12000e+00,5.28000e-01,4.20000e-02,
1097,-6.00000e-02,1.06000e+00,5.12000e-01,5.20000e-02,
1098,-4.40000e-02,1.08000e+00,5.04000e-01,4.20000e-02,
1099,-6.00000e-02,1.12000e+00,5.28000e-01,5.20000e-02,
1100,4.20000e-02,1.12000e+00,5.28000e-01,-4.80000e-02,
1101,6.80000e-02,-7.80000e-01,-5.36000e-01,-6.20000e-02,
1102,5.80000e-02,-7.80000e-01,-5.52000e-01,-6.00000e-02,
1103,4.20000e-02,-7.40000e-01,-5.28000e-01,-5.00000e-02,
1104,6.00000e-02,-7.40000e-01,-5.28000e-01,-5.00000e-02,
1105,4.20000e-02,-8.00000e-01,-5.52000e-01,-6.00000e-02,
1106,4.20000e-02,-7.60000e-01,-5.28000e-01,-6.00000e-02,
1107,6.00000e-02,-8.20000e-01,-5.44000e-01,-5.00000e-02,
1108,5.80000e-02,-7.60000e-01,-5.28000e-01,-6.00000e-02,
1109,4.20000e-02,-8.20000e-01,-5.36000e-01,-5.00000e-02,
1110,4.20000e-02,-8.20000e-01,-5.36000e-01,-5.80000e-02,
1111,6.00000e-02,-7.60000e-01,-5.28000e-01,-5.00000e-02,
1112,5.80000e-02,-8.20000e-01,-5.36000e-01,-6.00000e-02,
1113,4.20000e-02,-7.60000e-01,-5.28000e-01,-5.00000e-02,
1114,4.20000e-02,-7.60000e-01,-5.36000e-01,-5.00000e-02,
1115,6.00000e-02,-8.20000e-01,-5.20000e-01,-6.00000e-02,
1116,6.00000e-02,-8.20000e-01,-5.36000e-01,-5.80000e-02,
1117,4.20000e-02,-7.60000e-01,-5.28000e-01,-5.00000e-02,
1118,4.40000e-02,-7.60000e-01,-5.36000e-01,-5.00000e-02,
1119,6.00000e-02,-8.20000e-01,-5.20000e-01,-6.00000e-02,
1120,4.20000e-02,-7.60000e-01,-5.36000e-01,-6.00000e-02,
1121,6.00000e-02,-8.40000e-01,-5.20000e-01,-5.00000e-02,
1122,4.20000e-02,-7.60000e-01,-5.36000e-01,-5.00000e-02,
1123,6.00000e-02,-8.40000e-01,-5.20000e-01,-6.00000e-02,
1124,4.20000e-02,-8.40000e-01,-5.36000e-01,-5.80000e-02,
1125,6.00000e-02,-7.80000e-01,-5.20000e-01,-5.00000e-02,
1126,6.00000e-02,-8.00000e-01,-5.36000e-01,-5.00000e-02,
1127,4.20000e-02,-8.40000e-01,-5.20000e-01,-6.00000e-02,
1128,5.80000e-02,-8.40000e-01,-5.36000e-01,-6.00000e-02,
1129,4.20000e-02,-8.00000e-01,-5.20000e-01,-5.00000e-02,
1130,6.00000e-02,-8.00000e-01,-5.36000e-01,-6.00000e-02,
1131,4.20000e-02,-8.40000e-01,-5.20000e-01,-5.00000e-02,
1132,5.80000e-02,-8.00000e-01,-5.36000e-01,-6.00000e-02,
1133,4.20000e-02,-8.40000e-01,-5.20000e-01,-5.00000e-02,
1134,4.20000e-02,-8.00000e-01,-5.36000e-01,-6.00000e-02,
1135,5.80000e-02,-8.60000e-01,-5.20000e-01,-5.00000e-02,
1136,4.20000e-02,-8.00000e-01,-5.36000e-01,-6.00000e-02,
1137,6.00000e-02,-8.80000e-01,-5.20000e-01,-5.00000e-02,
1138,5.80000e-02,-8.80000e-01,-5.36000e-01,-5.00000e-02,
1139,4.20000e-02,-8.00000e-01,-5.20000e-01,-6.00000e-02,
1140,4.20000e-02,-8.80000e-01,-5.36000e-01,-6.00000e-02,
1141,6.00000e-02,-8.00000e-01,-5.20000e-01,-5.00000e-02,
1142,5.80000e-02,-8.20000e-01,-5.36000e-01,-5.00000e-02,
1143,4.20000e-02,-8.80000e-01,-5.20000e-01,-6.00000e-02,
1144,4.20000e-02,-8.80000e-01,-5.20000e-01,-6.00000e-02,
1145,6.00000e-02,-8.00000e-01,-5.36000e-01,-5.00000e-02,
1146,6.00000e-02,-8.20000e-01,-5.20000e-01,-6.00000e-02,
1147,4.20000e-02,-8.80000e-01,-5.36000e-01,-5.00000e-02,
1148,4.20000e-02,-8.20000e-01,-5.36000e-01,-5.80000e-02,
1149,6.00000e-02,-8.80000e-01,-5.20000e-01,-5.00000e-02,
1150,5.80000e-02,-8.20000e-01,-5.36000e-01,-6.00000e-02,
1151,4.20000e-02,-8.80000e-01,-5.20000e-01,-5.00000e-02,
1152,6.00000e-02,-8.80000e-01,-5.36000e-01,-6.00000e-02,
1153,4.20000e-02,-8.20000e-01,-5.20000e-01,-5.00000e-02,
1154,4.20000e-02,-8.20000e-01,-5.36000e-01,-6.00000e-02,
1155,6.00000e-02,-8.80000e-01,-5.20000e-01,-5.00000e-02,
1156,4.20000e-02,-8.20000e-01,-5.20000e-01,-6.00000e-02,
1157,6.00000e-02,-9.00000e-01,-5.36000e-01,-5.00000e-02,
1158,4.20000e-02,-9.00000e-01,-5.36000e-01,-6.00000e-02,
1159,6.00000e-02,-8.20000e-01,-5.20000e-01,-5.00000e-02,
1160,5.80000e-02,-8.60000e-01,-5.20000e-01,-5.00000e-02,
1161,4.20000e-02,-9.00000e-01,-5.36000e-01,-6.00000e-02,
1162,4.20000e-02,-9.00000e-01,-5.36000e-01,-6.00000e-02,
1163,6.00000e-02,-8.60000e-01,-5.20000e-01,-4.80000e-02,
1164,6.00000e-02,-8.60000e-01,-5.20000e-01,-5.00000e-02,
1165,4.20000e-02,-9.00000e-01,-5.36000e-01,-6.00000e-02,
1166,5.80000e-02,-8.60000e-01,-5.36000e-01,-6.00000e-02,
1167,4.20000e-02,-9.00000e-01,-5.20000e-01,-5.00000e-02,
1168,4.20000e-02,-8.60000e-01,-5.20000e-01,-6.00000e-02,
1169,6.00000e-02,-9.00000e-01,-5.36000e-01,-5.20000e-02,
1170,5.80000e-02,-8.60000e-01,-5.36000e-01,-6.00000e-02,
1171,4.20000e-02,-9.00000e-01,-5.20000e-01,-5.20000e-02,
1172,5.80000e-02,-8.60000e-01,-5.36000e-01,-5.20000e-02,
1173,4.20000e-02,-9.20000e-01,-5.20000e-01,-6.00000e-02,
1174,4.00000e-02,-8.60000e-01,-5.36000e-01,-6.00000e-02,
1175,6.20000e-02,-9.20000e-01,-5.20000e-01,-5.00000e-02,
1176,4.20000e-02,-8.60000e-01,-5.20000e-01,-5.20000e-02,
1177,6.00000e-02,-9.40000e-01,-5.36000e-01,-6.00000e-02,
1178,4.40000e-02,-9.40000e-01,-5.36000e-01,-5.00000e-02,
1179,6.00000e-02,-8.60000e-01,-5.20000e-01,-6.00000e-02,
1180,4.20000e-02,-9.40000e-01,-5.20000e-01,-5.20000e-02,
1181,6.00000e-02,-8.80000e-01,-5.36000e-01,-6.00000e-02,
1182,6.00000e-02,-8.80000e-01,-5.20000e-01,-5.00000e-02,
1183,4.20000e-02,-9.40000e-01,-5.36000e-01,-6.00000e-02,
1184,4.40000e-02,-8.80000e-01,-5.36000e-01,-6.00000e-02,
1185,6.00000e-02,-9.40000e-01,-5.20000e-01,-5.00000e-02,
1186,4.40000e-02,-9.40000e-01,-5.36000e-01,-5.00000e-02,
1187,6.00000e-02,-8.80000e-01,-5.20000e-01,-6.00000e-02,
1188,6.00000e-02,-9.40000e-01,-5.20000e-01,-6.00000e-02,
1189,4.00000e-02,-8.80000e-01,-5.36000e-01,-5.00000e-02,
1190,4.40000e-02,-9.40000e-01,-5.20000e-01,-5.00000e-02,
1191,6.00000e-02,-8.80000e-01,-5.36000e-01,-6.00000e-02,
1192,4.20000e-02,-9.40000e-01,-5.36000e-01,-5.00000e-02,
1193,6.00000e-02,-8.80000e-01,-5.20000e-01,-6.00000e-02,
1194,6.00000e-02,-9.40000e-01,-5.20000e-01,-5.00000e-02,
1195,4.20000e-02,-8.80000e-01,-5.36000e-01,-6.00000e-02,
1196,4.20000e-02,-8.80000e-01,-5.20000e-01,-6.00000e-02,
1197,6.20000e-02,-9.60000e-01,-5.36000e-01,-5.00000e-02,
1198,6.00000e-02,-9.60000e-01,-5.20000e-01,-6.00000e-02,
1199,4.20000e-02,-8.80000e-01,-5.36000e-01,-5.00000e-02,
